checked_at,title,channel_title,view_count,subscriber_count,view_to_sub_ratio,duration,published_at,url
2026-06-22 06:53 UTC,Nikki Where Are You? #obsession #movie #movieclips #scary #horror #horrormovies #love #viral #shorts,Dyl,669993,1290,519.37,,2026-06-11T23:57:56Z,https://youtube.com/watch?v=xqDRVf9t0s0
2026-06-22 06:53 UTC,Sunny Deol ka blockbuster Movie Seen 😈... #trending #viral#movieclip#shortsfeed #shorts #FilmyCut17,FILMY CUT 17,462233,1000,462.23,,2026-06-14T05:11:16Z,https://youtube.com/watch?v=xJKCeARLncU
2026-06-22 06:53 UTC,Have you watched this movie#youtubeshorts #trending #explore #viral #fyp #foryou #newmovie #tft #fy,Userrashad,1581453,4590,344.54,,2026-06-14T09:18:03Z,https://youtube.com/watch?v=6XpQOQBjn00
2026-06-22 06:53 UTC,Ghar me bhoot ka saya 😱 #horrorstories #shortvideo  #viral #tranding #reels #horror #ghost #facts,Gulshan Horror Diaries,271653,1150,236.22,,2026-06-08T13:45:12Z,https://youtube.com/watch?v=rncD6TtgG5g
2026-06-22 06:53 UTC,Godzilla 4 — First footage of the Chimera Titan revealed #vfx #movie #fyp #godzilla #kong,Aether Studio,391196,1950,200.61,,2026-06-10T17:45:37Z,https://youtube.com/watch?v=uDPzSUTZuf0
2026-06-22 06:53 UTC,bhootwala #comedy #gaye #funnyvideo #tending #terending #horrorstories #fyp# viral#shorts,bhootfunny8,560239,3110,180.14,,2026-06-09T13:04:28Z,https://youtube.com/watch?v=-Qqwb6-J3co
2026-06-22 06:53 UTC,😱⛈️Khet Me Khaufnak Raat! #trending #ytshorts #shortsindia #villagelife #viral #shortfilm#lovestory,Aarzoo village story ,842099,4760,176.91,,2026-06-13T13:57:04Z,https://youtube.com/watch?v=QQZr59magKk
2026-06-22 06:53 UTC,NO. 7 | The Last Robot on Earth (Short Film),Masjatika,61122,381,160.43,,2026-06-15T07:01:46Z,https://youtube.com/watch?v=yJrcyYKwt4A
2026-06-22 06:53 UTC,Kalu bana Medak 🐸😱 #youtubeshorts #viralvideo #trending #shortvideo #viral #horror,Kalu Ki Masti 01,144648,945,153.07,,2026-06-19T01:30:06Z,https://youtube.com/watch?v=Ui7BG8-I9yY
2026-06-22 06:53 UTC,Protocol : Centurion 1. #vfx #movie #fyp #alien #weapon,Aether Studio,253971,1950,130.24,,2026-06-08T17:45:28Z,https://youtube.com/watch?v=iLG55Oz0Biw
2026-06-22 06:53 UTC,Cause this is THRILLER  #edit #animation #shorts #viral #michaeljackson #fyp #viralvideo,Frostyboi ,168283,1490,112.94,,2026-06-16T18:55:08Z,https://youtube.com/watch?v=D1WFyzMkRWQ
2026-06-22 06:53 UTC,WORMWOOD PROTOCOL | A Sci-Fi Short Film,GREYWAKE STUDIOS,42643,552,77.25,,2026-06-10T15:10:15Z,https://youtube.com/watch?v=79NDyvHyv6I
2026-06-22 06:53 UTC,Haunted Mall 😱😱 #bhoot #shortvideo,horror Kahani ,291384,4750,61.34,,2026-06-09T15:40:19Z,https://youtube.com/watch?v=5VI3fX_HeWw
2026-06-22 06:53 UTC,haunted Post office 😱😱 #bhoot #horror #shortvideo,horror Kahani ,245262,4750,51.63,,2026-06-13T14:40:04Z,https://youtube.com/watch?v=OSkvNJPcwEg
2026-06-22 06:53 UTC,HALCYON 6 | He Was Their Prisoner. Now He'll End Them All. | Sci-Fi Short Film,LONGMAN CINEMA,212960,4370,48.73,,2026-06-16T21:26:42Z,https://youtube.com/watch?v=FUZ3IQY8XOI
2026-06-22 06:53 UTC,Movie :Dridam(2026)#viral #trending #viralvideo #shortvideo #shorts #malayalam #youtubeshorts #crime,CINEMA_787,3816751,79600,47.95,,2026-06-12T07:45:04Z,https://youtube.com/watch?v=XHof8Xgl0Qc
2026-06-22 06:53 UTC,Chudail Ka Birthday🎂| Bhoot wala Video | ghost video#bhoot #horror #shorts #ghost,Masti2Fun Tv,2413788,52100,46.33,,2026-06-11T14:05:13Z,https://youtube.com/watch?v=KLNu-FsNeK0
2026-06-22 06:53 UTC,The Trials | Sci-Fi Short Film | Beyond the Loop S2 E01,Wonder Studios,77209,1770,43.62,,2026-06-11T11:00:06Z,https://youtube.com/watch?v=J51pKQoXLoc
2026-06-22 06:53 UTC,Thriller - Michael Jackson 🧟#michaeljackson #thriller #viral #edit #mj #capcut,𝑮𝒂𝒍𝒐𝒑𝒖𝒍𝒂𝟔𝟗𝟒,215089,5210,41.28,,2026-06-13T12:05:36Z,https://youtube.com/watch?v=fvP4kQiWpqo
2026-06-22 06:53 UTC,Super bear horror #superbear #superbearadventure#shortvideo #shorts #viral #youtubeshorts #horror,super bear adventures 🐻 ,2671471,73900,36.15,,2026-06-13T12:22:35Z,https://youtube.com/watch?v=y2bTPXRV-zA
2026-06-22 06:53 UTC,THRILLER 😈🎵| #shorts #ytshorts #michaeljackson #michaeljacksonedits #goviral #viral #edit #edits,xxtjayyy ,3857384,111000,34.75,,2026-06-18T15:00:28Z,https://youtube.com/watch?v=60Mnt50oYek
2026-06-22 06:53 UTC,I'M ADDICTIVE IN THE #1!!!⭐ #animation #michaeljackson #mj #shortsfeed #viral,GojoRank,2879408,104000,27.69,,2026-06-10T19:45:23Z,https://youtube.com/watch?v=C1Q_TzfZLAo
2026-06-22 06:53 UTC,Green Lightning 2 - AI Cinematic Action Film (Seedance 2.0),Hieu AI MEDIA,127380,5180,24.59,,2026-06-18T12:00:14Z,https://youtube.com/watch?v=j0cmQIpVzng
2026-06-22 06:53 UTC,Humans Went Extinct 300 Years Ago… But One Robot Never Stopped Searching | Full Sci-Fi Movie,Veyra AI Films,376274,20000,18.81,,2026-06-15T08:52:27Z,https://youtube.com/watch?v=duMg8CxKMU8
2026-06-22 06:53 UTC,Rusted Titan | Post-Apocalyptic Sci-Fi AI Film in 4K | A Scavenger's Journey to Survive,Reverie,105199,5680,18.52,,2026-06-08T23:28:38Z,https://youtube.com/watch?v=pVaCgC_c1A4
2026-06-22 06:53 UTC,Rusted Titan | Post-Apocalyptic Sci-Fi AI Film in 4K | A Scavenger's Journey to Survive,Reverie,105199,5680,18.52,,2026-06-08T23:28:38Z,https://youtube.com/watch?v=pVaCgC_c1A4
2026-06-22 06:53 UTC,I REALLY LIKES MAKING THIS SHORT💞 #animation #michaeljackson #mj #shortsfeed #viral,GojoRank,1728475,104000,16.62,,2026-06-12T20:02:02Z,https://youtube.com/watch?v=uOAqy6H1nMs
2026-06-22 06:53 UTC,Jamali Core 😎😎 Dhurandhar #shorts  #youtubeshorts  #shortvideo  #trending  #viral,Bhuverse,118467,10100,11.73,,2026-06-10T18:29:33Z,https://youtube.com/watch?v=AChRuSzSeNk
2026-06-22 06:53 UTC,Progress Is Good — Uncontrolled AI Is Not！#movie  #scifi  #highenergy  #shorts,DimenShards,283997,27100,10.48,,2026-06-11T12:00:34Z,https://youtube.com/watch?v=BCoFBMZY1rs
2026-06-22 06:53 UTC,Short Sci-fi Film | The Alien Princess - Part 1,𝘼𝙎𝙏𝙍𝙊𝘿𝙐𝙎𝙏,86951,13200,6.59,,2026-06-15T20:17:00Z,https://youtube.com/watch?v=f0vqGIK-D40
2026-06-22 06:53 UTC,कलयुग: अंत का आरंभ | कल्कि vs कली | AI की सबसे खतरनाक मूवी | Full movie | Ai movie,DHARMA KARMA,68171,12000,5.68,,2026-06-14T13:57:25Z,https://youtube.com/watch?v=6cePDrC2dM4
2026-06-22 06:53 UTC,"Dalam Semalam, Dunia Modern Runtuh Total 🌎💥",Nona Film,1313032,255000,5.15,,2026-06-19T10:00:25Z,https://youtube.com/watch?v=iP9JOU1TyZ4
2026-06-22 07:05 UTC,🔥 MIND-BLOWING Caught Behind by Shubman Gill! 🤯🏏 | Unbelievable Catch Behind the Stumps,Kohli Empire,26545,79,265.45,PT15S,2026-06-14T05:25:34Z,https://youtube.com/watch?v=deIOEF--UCk
2026-06-22 07:05 UTC,A Little Girl Saved a Alien Robot… Then He Came Back for Her,Ashborn Films,630554,3120,202.1,PT14M22S,2026-06-11T16:43:20Z,https://youtube.com/watch?v=NWe79HR3-hk
2026-06-22 07:05 UTC,Wait for End 😱 Wavy Effect Magic | Mind Blowing Short,Geeta Vishkarma,16432,49,164.32,PT14S,2026-06-09T12:28:53Z,https://youtube.com/watch?v=xIac_GsOv4k
2026-06-22 07:05 UTC,They Had to Buy Everything With Their Lifespan 😱 #movierecap #shortvideo #shorts,Movie World Recap,23397,241,97.08,PT2M21S,2026-06-17T14:00:32Z,https://youtube.com/watch?v=jqDOM8X_dfg
2026-06-22 07:05 UTC,fantastic butterfly trend📈#trending #transition #2026 #shorts #butterfly #instagram #new #viral,khushijiedits,2236026,29900,74.78,PT28S,2026-06-12T15:30:20Z,https://youtube.com/watch?v=TY73ohe5Kl4
2026-06-22 07:05 UTC,PERNIKAHAN INI VIRAL KARENA MAHARNYA CUMAN 100 RIBU,Info Konyol,538151,12500,43.05,PT38S,2026-06-20T05:00:25Z,https://youtube.com/watch?v=LaBb1LkDb74
2026-06-22 07:05 UTC,Supernatural dread in bathroom #horror #shortvideo #surreal #ai #cinematic  #geminiomni #mirror,Surrealist AI,4144,20,41.44,PT11S,2026-06-14T17:28:48Z,https://youtube.com/watch?v=xxmFNUFH_VI
2026-06-22 07:05 UTC,Trending Transition  | Viral Reel Ideas #shorts | YouTube Shorts #shorts #trendingshorts,Amritha Prasannan,3631,84,36.31,PT16S,2026-06-09T16:20:09Z,https://youtube.com/watch?v=7TKwTF4z9lk
2026-06-22 07:05 UTC,transition alert ⏩😱 | funny video 🤣 | #funnyvideo #comedy #entertainment,abhifunzone07,2986,32,29.86,PT23S,2026-06-13T06:18:14Z,https://youtube.com/watch?v=CShgIAiWq80
2026-06-22 07:05 UTC,Surreal cooking competition disc #shorts #shortvideo #subscribe,kidzo playtime TV,2968,2,29.68,PT11S,2026-06-13T17:35:45Z,https://youtube.com/watch?v=nMxWjIGuAkU
2026-06-22 07:05 UTC,Oh my god 😱 What a Farming reel crazy videography idea 👈🏻 #videography #shorts #transition,Magic Shot X,2934,57,29.34,PT38S,2026-06-15T11:30:39Z,https://youtube.com/watch?v=opcT8zN419U
2026-06-22 07:05 UTC,Survival Skills: Smart idea and Simple but very Useful #trending #video #viral,comedy Akash 715,4447,170,26.16,PT1M1S,2026-06-08T08:00:25Z,https://youtube.com/watch?v=S9uQFjxvv6Q
2026-06-22 07:05 UTC,In this surreal and playful AI-generated video #shortvideo #aivideo #like #trendingshorts #myvideo,AST DAS,2185,6,21.85,PT9S,2026-06-12T10:10:39Z,https://youtube.com/watch?v=cBGhkgMPm8k
2026-06-22 07:05 UTC,cheetos ASMR very simple useful idea #funny entertainment video very#shorts #cute #funny #viral 2🥪🍕🍎,@zxr_funny,39724,1880,21.13,PT9S,2026-06-17T06:05:48Z,https://youtube.com/watch?v=AzHDPAq6S-o
2026-06-22 07:05 UTC,#VFX #VFXEdit #Editing #VideoEditing #Trending #Reels #Cinem#AfterEffects #CapCut #HemantVFXEditz08,Hemantvfx- editz08,1798,32,17.98,PT41S,2026-06-18T07:30:10Z,https://youtube.com/watch?v=7g7p0xJQJBs
2026-06-22 07:05 UTC,The smoothest transition!!!🫀👏🏻@TheBaddiaee #memes#contentcreator,_𝐁𝐀𝐃𝐃𝐈𝐄𝐄_,30877,1890,16.34,PT10S,2026-06-18T07:57:40Z,https://youtube.com/watch?v=iEh1A_eBweI
2026-06-22 07:05 UTC,Fantastic butterfly📈#trending #trendingshorts #transition #2026 #shorts #butterfly #new #viral,khushijiedits,405477,29900,13.56,PT27S,2026-06-08T15:30:11Z,https://youtube.com/watch?v=H72btxY3o1c
2026-06-22 07:05 UTC,"They're aura farming, MIND BLOWING 😱 #reels #shorts #timer #clock #trend #viral",RankTiger,2025,173,11.71,PT51S,2026-06-11T17:00:08Z,https://youtube.com/watch?v=J722FbmBE8A
2026-06-22 07:05 UTC,Choru ka gulam ❤ #ytshorts #shorts #trending #reels #cinematic #aesthetic #chorukagulam,Rutika Wagh,756506,66500,11.38,PT14S,2026-06-12T03:33:51Z,https://youtube.com/watch?v=GtAQecByGjQ
2026-06-22 07:05 UTC,A old Jungle house transformation into a mind-blowing Dream House #explore #comedy #edit,Ai.Sinchan,1109,23,11.09,PT44S,2026-06-09T01:30:38Z,https://youtube.com/watch?v=Ch8g0Hddf_c
2026-06-22 07:05 UTC,Front Page Ideas🌷❤️ #frontpage #viral #trending #explore #fyp #shorts #shortsfeed #youtubeshorts #yt,Aditi,21580,1980,10.9,PT11S,2026-06-15T01:30:02Z,https://youtube.com/watch?v=G_XMBH7MzC0
2026-06-22 07:05 UTC,10 Second Mind Blowing AI Video   Amazing Tech Edit #shorts,ZOVIO TV ,4034,577,6.99,PT9S,2026-06-13T02:35:38Z,https://youtube.com/watch?v=OtAh9C_oU0M
2026-06-22 07:05 UTC,fantastic butterfly🦋#trending #trendingshorts #transition #2026 #viral #short #butterfly #new,khushijiedits,179308,29900,6.0,PT25S,2026-06-14T15:30:29Z,https://youtube.com/watch?v=56U4b_sjVL4
2026-06-22 07:05 UTC,💖🔥 Sreeleela’s Mind-Blowing Dance Performance#sreeleela​#trending​#viral​#dance​#lovely​#edit​#yt​,Pawan Saini officer,28797,5040,5.71,PT9S,2026-06-12T09:20:18Z,https://youtube.com/watch?v=WYy9X9JQC9M
2026-06-22 07:05 UTC,कलयुग: अंत का आरंभ | कल्कि vs कली | AI की सबसे खतरनाक मूवी | Full movie | Ai movie,DHARMA KARMA,68179,12000,5.68,PT32M6S,2026-06-14T13:57:25Z,https://youtube.com/watch?v=6cePDrC2dM4
2026-06-22 07:05 UTC,Very simple and easy drawing ideas💡😍 #subscribe #viral #viralvideos #video #shorts,Act mou,1455,257,5.66,PT35S,2026-06-16T03:00:11Z,https://youtube.com/watch?v=RlZ1gHAYkWE
2026-06-22 07:05 UTC,🪷✨Apsara look🪷✨ finally #transition #apsara #trendingshorts #viral #godessparvati,Monika's Marathi Vlog🎀,2245,412,5.45,PT19S,2026-06-14T18:37:12Z,https://youtube.com/watch?v=wkiNEpr9bKo
2026-06-22 07:05 UTC,Elderly Fashion Dance • We Are The Late Light | Surreal AI Music Video 4K,Surreal AI,275595,51800,5.32,PT8M35S,2026-06-16T14:10:42Z,https://youtube.com/watch?v=jxanYglRnCY
2026-06-22 08:02 UTC,🔥 MIND-BLOWING Caught Behind by Shubman Gill! 🤯🏏 | Unbelievable Catch Behind the Stumps,Kohli Empire,26525,79,265.25,PT15S,2026-06-14T05:25:34Z,https://youtube.com/watch?v=deIOEF--UCk
2026-06-22 08:02 UTC,A Little Girl Saved a Alien Robot… Then He Came Back for Her,Ashborn Films,632476,3130,202.07,PT14M22S,2026-06-11T16:43:20Z,https://youtube.com/watch?v=NWe79HR3-hk
2026-06-22 08:02 UTC,Wait for End 😱 Wavy Effect Magic | Mind Blowing Short,Geeta Vishkarma,16432,50,164.32,PT14S,2026-06-09T12:28:53Z,https://youtube.com/watch?v=xIac_GsOv4k
2026-06-22 08:02 UTC,Experience a surreal and satisfying slime transformation like never before. This video showcases a h,MAAQ Slimy,11694,70,116.94,PT23S,2026-06-08T16:01:22Z,https://youtube.com/watch?v=EVyjI3cJJ9A
2026-06-22 08:02 UTC,They Had to Buy Everything With Their Lifespan 😱 #movierecap #shortvideo #shorts,Movie World Recap,23398,241,97.09,PT2M21S,2026-06-17T14:00:32Z,https://youtube.com/watch?v=jqDOM8X_dfg
2026-06-22 08:02 UTC,fantastic butterfly trend📈#trending #transition #2026 #shorts #butterfly #instagram #new #viral,khushijiedits,2236110,29900,74.79,PT28S,2026-06-12T15:30:20Z,https://youtube.com/watch?v=TY73ohe5Kl4
2026-06-22 08:02 UTC,PERNIKAHAN INI VIRAL KARENA MAHARNYA CUMAN 100 RIBU,Info Konyol,544763,12500,43.58,PT38S,2026-06-20T05:00:25Z,https://youtube.com/watch?v=LaBb1LkDb74
2026-06-22 08:02 UTC,Surreal ASMR Bed Designs in 4K | Satisfying Sleep Concepts & Foley Sounds,barat story ai,60494,1450,41.72,PT2M15S,2026-06-08T13:00:06Z,https://youtube.com/watch?v=zdAzu3aMKhU
2026-06-22 08:02 UTC,Trending Transition  | Viral Reel Ideas #shorts | YouTube Shorts #shorts #trendingshorts,Amritha Prasannan,3631,84,36.31,PT16S,2026-06-09T16:20:09Z,https://youtube.com/watch?v=7TKwTF4z9lk
2026-06-22 08:02 UTC,Dr. Brown Bear Goes Rolling Down The Hill! 🐻⛰️ #effects #parody #peppapig #peppa #animation #funny,CooLGee Effects,36124,1170,30.88,PT16S,2026-06-15T18:06:32Z,https://youtube.com/watch?v=ayW9RV2tQ8I
2026-06-22 08:02 UTC,transition alert ⏩😱 | funny video 🤣 | #funnyvideo #comedy #entertainment,abhifunzone07,2986,32,29.86,PT23S,2026-06-13T06:18:14Z,https://youtube.com/watch?v=CShgIAiWq80
2026-06-22 08:02 UTC,Oh my god 😱 What a Farming reel crazy videography idea 👈🏻 #videography #shorts #transition,Magic Shot X,2934,57,29.34,PT38S,2026-06-15T11:30:39Z,https://youtube.com/watch?v=opcT8zN419U
2026-06-22 08:02 UTC,Big & Small Moon Monster Cars vs Giant Unfinished Road – BeamNG.drive #carcrashes #beamngexperiments,The Beam Hub,23077,863,26.74,PT21S,2026-06-16T00:00:05Z,https://youtube.com/watch?v=M1MZ9NW1Wq8
2026-06-22 08:02 UTC,cheetos ASMR very simple useful idea #funny entertainment video very#shorts #cute #funny #viral 2🥪🍕🍎,@zxr_funny,39727,1880,21.13,PT9S,2026-06-17T06:05:48Z,https://youtube.com/watch?v=AzHDPAq6S-o
2026-06-22 08:02 UTC,#VFX #VFXEdit #Editing #VideoEditing #Trending #Reels #Cinem#AfterEffects #CapCut #HemantVFXEditz08,Hemantvfx- editz08,1794,32,17.94,PT41S,2026-06-18T07:30:10Z,https://youtube.com/watch?v=7g7p0xJQJBs
2026-06-22 08:02 UTC,The smoothest transition!!!🫀👏🏻@TheBaddiaee #memes#contentcreator,_𝐁𝐀𝐃𝐃𝐈𝐄𝐄_,30877,1890,16.34,PT10S,2026-06-18T07:57:40Z,https://youtube.com/watch?v=iEh1A_eBweI
2026-06-22 08:02 UTC,Fantastic butterfly📈#trending #trendingshorts #transition #2026 #shorts #butterfly #new #viral,khushijiedits,405559,29900,13.56,PT27S,2026-06-08T15:30:11Z,https://youtube.com/watch?v=H72btxY3o1c
2026-06-22 08:02 UTC,"They're aura farming, MIND BLOWING 😱 #reels #shorts #timer #clock #trend #viral",RankTiger,2025,173,11.71,PT51S,2026-06-11T17:00:08Z,https://youtube.com/watch?v=J722FbmBE8A
2026-06-22 08:02 UTC,Choru ka gulam ❤ #ytshorts #shorts #trending #reels #cinematic #aesthetic #chorukagulam,Rutika Wagh,756558,66700,11.34,PT14S,2026-06-12T03:33:51Z,https://youtube.com/watch?v=GtAQecByGjQ
2026-06-22 08:02 UTC,A old Jungle house transformation into a mind-blowing Dream House #explore #comedy #edit,Ai.Sinchan,1109,23,11.09,PT44S,2026-06-09T01:30:38Z,https://youtube.com/watch?v=Ch8g0Hddf_c
2026-06-22 08:02 UTC,Front Page Ideas🌷❤️ #frontpage #viral #trending #explore #fyp #shorts #shortsfeed #youtubeshorts #yt,Aditi,21576,1980,10.9,PT11S,2026-06-15T01:30:02Z,https://youtube.com/watch?v=G_XMBH7MzC0
2026-06-22 08:02 UTC,Some of the most viral videos online follow a surprisingly simple formula,Extreme Marketing,754,52,7.54,PT53S,2026-06-11T06:12:51Z,https://youtube.com/watch?v=CHVajGhbGLc
2026-06-22 08:02 UTC,10 Second Mind Blowing AI Video   Amazing Tech Edit #shorts,ZOVIO TV ,4034,577,6.99,PT9S,2026-06-13T02:35:38Z,https://youtube.com/watch?v=OtAh9C_oU0M
2026-06-22 08:02 UTC,Wavelo - planetary feast (official short film and music video) Ai cinematic ,Wavelo,11332,1880,6.03,PT4M18S,2026-06-09T01:00:33Z,https://youtube.com/watch?v=hDd-0fRUI-s
2026-06-22 08:02 UTC,fantastic butterfly🦋#trending #trendingshorts #transition #2026 #viral #short #butterfly #new,khushijiedits,179487,29900,6.0,PT25S,2026-06-14T15:30:29Z,https://youtube.com/watch?v=56U4b_sjVL4
2026-06-22 08:02 UTC,💖🔥 Sreeleela’s Mind-Blowing Dance Performance#sreeleela​#trending​#viral​#dance​#lovely​#edit​#yt​,Pawan Saini officer,28797,5050,5.7,PT9S,2026-06-12T09:20:18Z,https://youtube.com/watch?v=WYy9X9JQC9M
2026-06-22 08:02 UTC,Very simple and easy drawing ideas💡😍 #subscribe #viral #viralvideos #video #shorts,Act mou,1455,257,5.66,PT35S,2026-06-16T03:00:11Z,https://youtube.com/watch?v=RlZ1gHAYkWE
2026-06-22 08:02 UTC,"Peppa, Daddy pig Jumped in the pool! Peppa Effects Sponsored by Klasky Csupo Effects",IEffects0015,4222,757,5.58,PT2M3S,2026-06-18T13:00:45Z,https://youtube.com/watch?v=INX8XEqpSqM
2026-06-22 08:02 UTC,🪷✨Apsara look🪷✨ finally #transition #apsara #trendingshorts #viral #godessparvati,Monika's Marathi Vlog🎀,2245,412,5.45,PT19S,2026-06-14T18:37:12Z,https://youtube.com/watch?v=wkiNEpr9bKo
2026-06-22 08:02 UTC,Elderly Fashion Dance • We Are The Late Light | Surreal AI Music Video 4K,Surreal AI,276637,51800,5.34,PT8M35S,2026-06-16T14:10:42Z,https://youtube.com/watch?v=jxanYglRnCY
2026-06-22 20:18 UTC,GIANT BUFFALO CLIMBS A MOMO STAIRCASE! 🐃🥟 | Most Satisfying AI Video Ever! 🤯#shorts #asmr,Crunch & Calm,36065,62,360.65,PT8S,2026-06-12T16:31:16Z,https://youtube.com/watch?v=lIdpngGQ6bo
2026-06-22 20:18 UTC,🔥 MIND-BLOWING Caught Behind by Shubman Gill! 🤯🏏 | Unbelievable Catch Behind the Stumps,Kohli Empire,26733,79,267.33,PT15S,2026-06-14T05:25:34Z,https://youtube.com/watch?v=deIOEF--UCk
2026-06-22 20:18 UTC,A Little Girl Saved a Alien Robot… Then He Came Back for Her,Ashborn Films,663144,3300,200.95,PT14M22S,2026-06-11T16:43:20Z,https://youtube.com/watch?v=NWe79HR3-hk
2026-06-22 20:18 UTC,Wait for End 😱 Wavy Effect Magic | Mind Blowing Short,Geeta Vishkarma,16432,49,164.32,PT14S,2026-06-09T12:28:53Z,https://youtube.com/watch?v=xIac_GsOv4k
2026-06-22 20:18 UTC,🤯 Mind-blowing moment! #shorts #viral #trending #fyp #youtube #explore #reels #ytshort,Daily Fact Reactor,13550,20,135.5,PT16S,2026-06-19T03:30:15Z,https://youtube.com/watch?v=PXSHp57b2SU
2026-06-22 20:18 UTC,They Had to Buy Everything With Their Lifespan 😱 #movierecap #shortvideo #shorts,Movie World Recap,23402,246,95.13,PT2M21S,2026-06-17T14:00:32Z,https://youtube.com/watch?v=jqDOM8X_dfg
2026-06-22 20:18 UTC,fantastic butterfly trend📈#trending #transition #2026 #shorts #butterfly #instagram #new #viral,khushijiedits,2237354,29900,74.83,PT28S,2026-06-12T15:30:20Z,https://youtube.com/watch?v=TY73ohe5Kl4
2026-06-22 20:18 UTC,PERNIKAHAN INI VIRAL KARENA MAHARNYA CUMAN 100 RIBU,Info Konyol,606393,12600,48.13,PT38S,2026-06-20T05:00:25Z,https://youtube.com/watch?v=LaBb1LkDb74
2026-06-22 20:18 UTC,Trending Transition  | Viral Reel Ideas #shorts | YouTube Shorts #shorts #trendingshorts,Amritha Prasannan,3644,87,36.44,PT16S,2026-06-09T16:20:09Z,https://youtube.com/watch?v=7TKwTF4z9lk
2026-06-22 20:18 UTC,Dr. Brown Bear Goes Rolling Down The Hill! 🐻⛰️ #effects #parody #peppapig #peppa #animation #funny,CooLGee Effects,36196,1170,30.94,PT16S,2026-06-15T18:06:32Z,https://youtube.com/watch?v=ayW9RV2tQ8I
2026-06-22 20:18 UTC,transition alert ⏩😱 | funny video 🤣 | #funnyvideo #comedy #entertainment,abhifunzone07,2986,32,29.86,PT23S,2026-06-13T06:18:14Z,https://youtube.com/watch?v=CShgIAiWq80
2026-06-22 20:18 UTC,Oh my god 😱 What a Farming reel crazy videography idea 👈🏻 #videography #shorts #transition,Magic Shot X,2945,57,29.45,PT38S,2026-06-15T11:30:39Z,https://youtube.com/watch?v=opcT8zN419U
2026-06-22 20:18 UTC,Big & Small Moon Monster Cars vs Giant Unfinished Road – BeamNG.drive #carcrashes #beamngexperiments,The Beam Hub,23105,865,26.71,PT21S,2026-06-16T00:00:05Z,https://youtube.com/watch?v=M1MZ9NW1Wq8
2026-06-22 20:18 UTC,DIY glass jar lamp | craft ideas | easy diy | bottle painting #shorts #viral #craft #diy #glassart,Crafter.ry25,26859,1280,20.98,PT14S,2026-06-19T12:52:02Z,https://youtube.com/watch?v=GL_wg7CRbOY
2026-06-22 20:18 UTC,cheetos ASMR very simple useful idea #funny entertainment video very#shorts #cute #funny #viral 2🥪🍕🍎,@zxr_funny,39751,1920,20.7,PT9S,2026-06-17T06:05:48Z,https://youtube.com/watch?v=AzHDPAq6S-o
2026-06-22 20:18 UTC,#VFX #VFXEdit #Editing #VideoEditing #Trending #Reels #Cinem#AfterEffects #CapCut #HemantVFXEditz08,Hemantvfx- editz08,1834,32,18.34,PT41S,2026-06-18T07:30:10Z,https://youtube.com/watch?v=7g7p0xJQJBs
2026-06-22 20:18 UTC,🤯 Mind-blowing moment! #shorts #viral #trending #fyp #youtube #explore #reels #ytshort,Daily Fact Reactor,1688,20,16.88,PT28S,2026-06-22T02:12:37Z,https://youtube.com/watch?v=LbnehWL7K50
2026-06-22 20:18 UTC,The smoothest transition!!!🫀👏🏻@TheBaddiaee #memes#contentcreator,_𝐁𝐀𝐃𝐃𝐈𝐄𝐄_,30891,1890,16.34,PT10S,2026-06-18T07:57:40Z,https://youtube.com/watch?v=iEh1A_eBweI
2026-06-22 20:18 UTC,"They're aura farming, MIND BLOWING 😱 #reels #shorts #timer #clock #trend #viral",RankTiger,2028,173,11.72,PT51S,2026-06-11T17:00:08Z,https://youtube.com/watch?v=J722FbmBE8A
2026-06-22 20:18 UTC,A old Jungle house transformation into a mind-blowing Dream House #explore #comedy #edit,Ai.Sinchan,1109,23,11.09,PT44S,2026-06-09T01:30:38Z,https://youtube.com/watch?v=Ch8g0Hddf_c
2026-06-22 20:18 UTC,Choru ka gulam ❤ #ytshorts #shorts #trending #reels #cinematic #aesthetic #chorukagulam,Rutika Wagh,756858,69100,10.95,PT14S,2026-06-12T03:33:51Z,https://youtube.com/watch?v=GtAQecByGjQ
2026-06-22 20:18 UTC,Front Page Ideas🌷❤️ #frontpage #viral #trending #explore #fyp #shorts #shortsfeed #youtubeshorts #yt,Aditi,21598,2010,10.75,PT11S,2026-06-15T01:30:02Z,https://youtube.com/watch?v=G_XMBH7MzC0
2026-06-22 20:18 UTC,10 Second Mind Blowing AI Video   Amazing Tech Edit #shorts,ZOVIO TV ,4034,577,6.99,PT9S,2026-06-13T02:35:38Z,https://youtube.com/watch?v=OtAh9C_oU0M
2026-06-22 20:18 UTC,Wavelo - planetary feast (official short film and music video) Ai cinematic ,Wavelo,12194,1880,6.49,PT4M18S,2026-06-09T01:00:33Z,https://youtube.com/watch?v=hDd-0fRUI-s
2026-06-22 20:18 UTC,fantastic butterfly🦋#trending #trendingshorts #transition #2026 #viral #short #butterfly #new,khushijiedits,180735,29900,6.04,PT25S,2026-06-14T15:30:29Z,https://youtube.com/watch?v=56U4b_sjVL4
2026-06-22 20:18 UTC,"Peppa, Daddy pig Jumped in the pool! Peppa Effects Sponsored by Klasky Csupo Effects",IEffects0015,4419,770,5.74,PT2M3S,2026-06-18T13:00:45Z,https://youtube.com/watch?v=INX8XEqpSqM
2026-06-22 20:18 UTC,Elderly Fashion Dance • We Are The Late Light | Surreal AI Music Video 4K,Surreal AI,296687,52100,5.69,PT8M35S,2026-06-16T14:10:42Z,https://youtube.com/watch?v=jxanYglRnCY
2026-06-22 20:18 UTC,💖🔥 Sreeleela’s Mind-Blowing Dance Performance#sreeleela​#trending​#viral​#dance​#lovely​#edit​#yt​,Pawan Saini officer,28816,5090,5.66,PT9S,2026-06-12T09:20:18Z,https://youtube.com/watch?v=WYy9X9JQC9M
2026-06-22 20:18 UTC,🪷✨Apsara look🪷✨ finally #transition #apsara #trendingshorts #viral #godessparvati,Monika's Marathi Vlog🎀,2251,411,5.48,PT19S,2026-06-14T18:37:12Z,https://youtube.com/watch?v=wkiNEpr9bKo
2026-06-23 06:45 UTC,🔥 MIND-BLOWING Caught Behind by Shubman Gill! 🤯🏏 | Unbelievable Catch Behind the Stumps,Kohli Empire,26998,92,269.98,PT15S,2026-06-14T05:25:34Z,https://youtube.com/watch?v=deIOEF--UCk
2026-06-23 06:45 UTC,A Little Girl Saved a Alien Robot… Then He Came Back for Her,Ashborn Films,685836,3420,200.54,PT14M22S,2026-06-11T16:43:20Z,https://youtube.com/watch?v=NWe79HR3-hk
2026-06-23 06:45 UTC,The transition we need in our lifes ❤️✌🏻 #mastimoment #reels #shorts #short #shortvideo#shortsfeed,Aatu patel,34429,179,192.34,PT13S,2026-06-11T09:14:32Z,https://youtube.com/watch?v=gBqVFt5Npec
2026-06-23 06:45 UTC,Wait for End 😱 Wavy Effect Magic | Mind Blowing Short,Geeta Vishkarma,16432,49,164.32,PT14S,2026-06-09T12:28:53Z,https://youtube.com/watch?v=xIac_GsOv4k
2026-06-23 06:45 UTC,🤯 Mind-blowing moment! #shorts #viral #trending #fyp #youtube #explore #reels #ytshort,Daily Fact Reactor,13699,21,136.99,PT16S,2026-06-19T03:30:15Z,https://youtube.com/watch?v=PXSHp57b2SU
2026-06-23 06:45 UTC,They Had to Buy Everything With Their Lifespan 😱 #movierecap #shortvideo #shorts,Movie World Recap,23418,251,93.3,PT2M21S,2026-06-17T14:00:32Z,https://youtube.com/watch?v=jqDOM8X_dfg
2026-06-23 06:45 UTC,fantastic butterfly trend📈#trending #transition #2026 #shorts #butterfly #instagram #new #viral,khushijiedits,2248712,30000,74.96,PT28S,2026-06-12T15:30:20Z,https://youtube.com/watch?v=TY73ohe5Kl4
2026-06-23 06:45 UTC,Front Page Ideas🌷❤️ #frontpage #viral #trending #explore #fyp #shorts #shortsfeed #youtubeshorts #yt,Aditi,114319,2030,56.31,PT9S,2026-06-17T05:30:04Z,https://youtube.com/watch?v=z0Ok2ElsxrU
2026-06-23 06:45 UTC,PERNIKAHAN INI VIRAL KARENA MAHARNYA CUMAN 100 RIBU,Info Konyol,629757,12600,49.98,PT38S,2026-06-20T05:00:25Z,https://youtube.com/watch?v=LaBb1LkDb74
2026-06-23 06:45 UTC,Unreal Places on Earth 🌍✨🏞️🌊✈️ #travel #explore #adventure #nature,Billionaire Lado,777752,18100,42.97,PT19S,2026-06-09T10:20:08Z,https://youtube.com/watch?v=jO-SPRkqK0w
2026-06-23 06:45 UTC,Supernatural dread in bathroom #horror #shortvideo #surreal #ai #cinematic  #geminiomni #mirror,DreamRift,4144,22,41.44,PT11S,2026-06-14T17:28:48Z,https://youtube.com/watch?v=xxmFNUFH_VI
2026-06-23 06:45 UTC,Trending Transition  | Viral Reel Ideas #shorts | YouTube Shorts #shorts #trendingshorts,Amritha Prasannan,3644,87,36.44,PT16S,2026-06-09T16:20:09Z,https://youtube.com/watch?v=7TKwTF4z9lk
2026-06-23 06:45 UTC,transition alert ⏩😱 | funny video 🤣 | #funnyvideo #comedy #entertainment,abhifunzone07,2986,32,29.86,PT23S,2026-06-13T06:18:14Z,https://youtube.com/watch?v=CShgIAiWq80
2026-06-23 06:45 UTC,Surreal cooking competition disc #shorts #shortvideo #subscribe,kidzo playtime TV,2968,2,29.68,PT11S,2026-06-13T17:35:45Z,https://youtube.com/watch?v=nMxWjIGuAkU
2026-06-23 06:45 UTC,Oh my god 😱 What a Farming reel crazy videography idea 👈🏻 #videography #shorts #transition,Magic Shot X,2947,58,29.47,PT38S,2026-06-15T11:30:39Z,https://youtube.com/watch?v=opcT8zN419U
2026-06-23 06:45 UTC,Big & Small Moon Monster Cars vs Giant Unfinished Road – BeamNG.drive #carcrashes #beamngexperiments,The Beam Hub,23152,876,26.43,PT21S,2026-06-16T00:00:05Z,https://youtube.com/watch?v=M1MZ9NW1Wq8
2026-06-23 06:45 UTC,🤯 Mind-blowing moment! #shorts #viral #trending #fyp #youtube #explore #reels #ytshort,Daily Fact Reactor,2315,21,23.15,PT28S,2026-06-22T02:12:37Z,https://youtube.com/watch?v=LbnehWL7K50
2026-06-23 06:45 UTC,In this surreal and playful AI-generated video #shortvideo #aivideo #like #trendingshorts #myvideo,AST DAS,2185,6,21.85,PT9S,2026-06-12T10:10:39Z,https://youtube.com/watch?v=cBGhkgMPm8k
2026-06-23 06:45 UTC,cheetos ASMR very simple useful idea #funny entertainment video very#shorts #cute #funny #viral 2🥪🍕🍎,@zxr_funny,39793,1920,20.73,PT9S,2026-06-17T06:05:48Z,https://youtube.com/watch?v=AzHDPAq6S-o
2026-06-23 06:45 UTC,#VFX #VFXEdit #Editing #VideoEditing #Trending #Reels #Cinem#AfterEffects #CapCut #HemantVFXEditz08,Hemantvfx- editz08,1836,32,18.36,PT41S,2026-06-18T07:30:10Z,https://youtube.com/watch?v=7g7p0xJQJBs
2026-06-23 06:45 UTC,The smoothest transition!!!🫀👏🏻@TheBaddiaee #memes#contentcreator,_𝐁𝐀𝐃𝐃𝐈𝐄𝐄_,30896,1890,16.35,PT10S,2026-06-18T07:57:40Z,https://youtube.com/watch?v=iEh1A_eBweI
2026-06-23 06:45 UTC,हर दिन खाना भरपेट मिलता है| platform movie explain| hollywood movie in hindi dubbed|#movie #shorts,vikku recap 4.0,1490,12,14.9,PT58S,2026-06-18T09:43:38Z,https://youtube.com/watch?v=inqd4jc7IDI
2026-06-23 06:45 UTC,"They're aura farming, MIND BLOWING 😱 #reels #shorts #timer #clock #trend #viral",RankTiger,2028,173,11.72,PT51S,2026-06-11T17:00:08Z,https://youtube.com/watch?v=J722FbmBE8A
2026-06-23 06:45 UTC,Choru ka gulam ❤ #ytshorts #shorts #trending #reels #cinematic #aesthetic #chorukagulam,Rutika Wagh,756957,69500,10.89,PT14S,2026-06-12T03:33:51Z,https://youtube.com/watch?v=GtAQecByGjQ
2026-06-23 06:45 UTC,10 Second Mind Blowing AI Video   Amazing Tech Edit #shorts,ZOVIO TV ,4034,577,6.99,PT9S,2026-06-13T02:35:38Z,https://youtube.com/watch?v=OtAh9C_oU0M
2026-06-23 06:45 UTC,Elderly Fashion Dance • We Are The Late Light | Surreal AI Music Video 4K,Surreal AI,316063,52400,6.03,PT8M35S,2026-06-16T14:10:42Z,https://youtube.com/watch?v=jxanYglRnCY
2026-06-23 06:45 UTC,fantastic butterfly🦋#trending #trendingshorts #transition #2026 #viral #short #butterfly #new,khushijiedits,180835,30000,6.03,PT25S,2026-06-14T15:30:29Z,https://youtube.com/watch?v=56U4b_sjVL4
2026-06-23 06:45 UTC,"Peppa, Daddy pig Jumped in the pool! Peppa Effects Sponsored by Klasky Csupo Effects",IEffects0015,4528,779,5.81,PT2M3S,2026-06-18T13:00:45Z,https://youtube.com/watch?v=INX8XEqpSqM
2026-06-23 06:45 UTC,Very simple and easy drawing ideas💡😍 #subscribe #viral #viralvideos #video #shorts,Act mou,1458,257,5.67,PT35S,2026-06-16T03:00:11Z,https://youtube.com/watch?v=RlZ1gHAYkWE
2026-06-23 06:45 UTC,💖🔥 Sreeleela’s Mind-Blowing Dance Performance#sreeleela​#trending​#viral​#dance​#lovely​#edit​#yt​,Pawan Saini officer,28824,5100,5.65,PT9S,2026-06-12T09:20:18Z,https://youtube.com/watch?v=WYy9X9JQC9M
2026-06-23 06:45 UTC,🪷✨Apsara look🪷✨ finally #transition #apsara #trendingshorts #viral #godessparvati,Monika's Marathi Vlog🎀,2255,411,5.49,PT19S,2026-06-14T18:37:12Z,https://youtube.com/watch?v=wkiNEpr9bKo
2026-06-23 07:18 UTC,Backrooms Movie  #backrooms #horror #liminalspace,I'm Flugel,30339,71,303.39,PT31S,2026-06-14T16:00:27Z,https://youtube.com/watch?v=V72Olu9QVj4
2026-06-23 07:18 UTC,🔥 MIND-BLOWING Caught Behind by Shubman Gill! 🤯🏏 | Unbelievable Catch Behind the Stumps,Kohli Empire,27009,92,270.09,PT15S,2026-06-14T05:25:34Z,https://youtube.com/watch?v=deIOEF--UCk
2026-06-23 07:18 UTC,Backrooms Movie #liminalspace  #horror #backrooms,I'm Flugel,22855,71,228.55,PT48S,2026-06-14T15:45:02Z,https://youtube.com/watch?v=rTcIcVEHcOo
2026-06-23 07:18 UTC,A Little Girl Saved a Alien Robot… Then He Came Back for Her,Ashborn Films,687372,3430,200.4,PT14M22S,2026-06-11T16:43:20Z,https://youtube.com/watch?v=NWe79HR3-hk
2026-06-23 07:18 UTC,The transition we need in our lifes ❤️✌🏻 #mastimoment #reels #shorts #short #shortvideo#shortsfeed,Aatu patel,34429,179,192.34,PT13S,2026-06-11T09:14:32Z,https://youtube.com/watch?v=gBqVFt5Npec
2026-06-23 07:18 UTC,🚪 I Opened The Second Door... | Log #8,Alice Lost,18934,44,189.34,PT19S,2026-06-15T23:00:36Z,https://youtube.com/watch?v=iESoiN4jq6E
2026-06-23 07:18 UTC,Wait for End 😱 Wavy Effect Magic | Mind Blowing Short,Geeta Vishkarma,16432,49,164.32,PT14S,2026-06-09T12:28:53Z,https://youtube.com/watch?v=xIac_GsOv4k
2026-06-23 07:18 UTC,🤯 Mind-blowing moment! #shorts #viral #trending #fyp #youtube #explore #reels #ytshort,Daily Fact Reactor,13699,21,136.99,PT16S,2026-06-19T03:30:15Z,https://youtube.com/watch?v=PXSHp57b2SU
2026-06-23 07:18 UTC,They Had to Buy Everything With Their Lifespan 😱 #movierecap #shortvideo #shorts,Movie World Recap,23418,251,93.3,PT2M21S,2026-06-17T14:00:32Z,https://youtube.com/watch?v=jqDOM8X_dfg
2026-06-23 07:18 UTC,fantastic butterfly trend📈#trending #transition #2026 #shorts #butterfly #instagram #new #viral,khushijiedits,2249670,30000,74.99,PT28S,2026-06-12T15:30:20Z,https://youtube.com/watch?v=TY73ohe5Kl4
2026-06-23 07:18 UTC,Looping the rooms | backrooms movie,Moka!,6588,55,65.88,PT56S,2026-06-18T19:00:01Z,https://youtube.com/watch?v=9YMliJsn4uA
2026-06-23 07:18 UTC,Unreal Places on Earth 🌍✨🏞️🌊✈️ #travel #explore #adventure #nature,Billionaire Lado,777759,18100,42.97,PT19S,2026-06-09T10:20:08Z,https://youtube.com/watch?v=jO-SPRkqK0w
2026-06-23 07:18 UTC,Trending Transition  | Viral Reel Ideas #shorts | YouTube Shorts #shorts #trendingshorts,Amritha Prasannan,3644,87,36.44,PT16S,2026-06-09T16:20:09Z,https://youtube.com/watch?v=7TKwTF4z9lk
2026-06-23 07:18 UTC,Captain Clark Edit 2 (Backrooms Movie) | BAD ENDING FUNK,slimetree ୨୧,732805,20900,35.06,PT21S,2026-06-12T20:00:06Z,https://youtube.com/watch?v=erq8n7q4omU
2026-06-23 07:18 UTC,transition alert ⏩😱 | funny video 🤣 | #funnyvideo #comedy #entertainment,abhifunzone07,2986,32,29.86,PT23S,2026-06-13T06:18:14Z,https://youtube.com/watch?v=CShgIAiWq80
2026-06-23 07:18 UTC,Surreal cooking competition disc #shorts #shortvideo #subscribe,kidzo playtime TV,2968,2,29.68,PT11S,2026-06-13T17:35:45Z,https://youtube.com/watch?v=nMxWjIGuAkU
2026-06-23 07:18 UTC,Oh my god 😱 What a Farming reel crazy videography idea 👈🏻 #videography #shorts #transition,Magic Shot X,2947,58,29.47,PT38S,2026-06-15T11:30:39Z,https://youtube.com/watch?v=opcT8zN419U
2026-06-23 07:18 UTC,Big & Small Moon Monster Cars vs Giant Unfinished Road – BeamNG.drive #carcrashes #beamngexperiments,The Beam Hub,23139,876,26.41,PT21S,2026-06-16T00:00:05Z,https://youtube.com/watch?v=M1MZ9NW1Wq8
2026-06-23 07:18 UTC,🤯 Mind-blowing moment! #shorts #viral #trending #fyp #youtube #explore #reels #ytshort,Daily Fact Reactor,2398,21,23.98,PT28S,2026-06-22T02:12:37Z,https://youtube.com/watch?v=LbnehWL7K50
2026-06-23 07:18 UTC,Silent Dance Party vs. Giant Syringe #backrooms #weirdcore,Mindverse Studios,10176,509,19.99,PT29S,2026-06-17T20:53:07Z,https://youtube.com/watch?v=LmQ-4jQPDtM
2026-06-23 07:18 UTC,#VFX #VFXEdit #Editing #VideoEditing #Trending #Reels #Cinem#AfterEffects #CapCut #HemantVFXEditz08,Hemantvfx- editz08,1836,32,18.36,PT41S,2026-06-18T07:30:10Z,https://youtube.com/watch?v=7g7p0xJQJBs
2026-06-23 07:18 UTC,The smoothest transition!!!🫀👏🏻@TheBaddiaee #memes#contentcreator,_𝐁𝐀𝐃𝐃𝐈𝐄𝐄_,30899,1890,16.35,PT10S,2026-06-18T07:57:40Z,https://youtube.com/watch?v=iEh1A_eBweI
2026-06-23 07:18 UTC,हर दिन खाना भरपेट मिलता है| platform movie explain| hollywood movie in hindi dubbed|#movie #shorts,vikku recap 4.0,1490,12,14.9,PT58S,2026-06-18T09:43:38Z,https://youtube.com/watch?v=inqd4jc7IDI
2026-06-23 07:18 UTC,"They're aura farming, MIND BLOWING 😱 #reels #shorts #timer #clock #trend #viral",RankTiger,2028,173,11.72,PT51S,2026-06-11T17:00:08Z,https://youtube.com/watch?v=J722FbmBE8A
2026-06-23 07:18 UTC,Choru ka gulam ❤ #ytshorts #shorts #trending #reels #cinematic #aesthetic #chorukagulam,Rutika Wagh,756957,69500,10.89,PT14S,2026-06-12T03:33:51Z,https://youtube.com/watch?v=GtAQecByGjQ
2026-06-23 07:18 UTC,10 Second Mind Blowing AI Video   Amazing Tech Edit #shorts,ZOVIO TV ,4034,577,6.99,PT9S,2026-06-13T02:35:38Z,https://youtube.com/watch?v=OtAh9C_oU0M
2026-06-23 07:18 UTC,The Backrooms | Animated Horror Short Film..,MSD Render,8346,1330,6.28,PT5M19S,2026-06-15T04:30:31Z,https://youtube.com/watch?v=6snvE_A5PkY
2026-06-23 07:18 UTC,Elderly Fashion Dance • We Are The Late Light | Surreal AI Music Video 4K,Surreal AI,316662,52400,6.04,PT8M35S,2026-06-16T14:10:42Z,https://youtube.com/watch?v=jxanYglRnCY
2026-06-23 07:18 UTC,fantastic butterfly🦋#trending #trendingshorts #transition #2026 #viral #short #butterfly #new,khushijiedits,180893,30000,6.03,PT25S,2026-06-14T15:30:29Z,https://youtube.com/watch?v=56U4b_sjVL4
2026-06-23 07:18 UTC,"Peppa, Daddy pig Jumped in the pool! Peppa Effects Sponsored by Klasky Csupo Effects",IEffects0015,4528,779,5.81,PT2M3S,2026-06-18T13:00:45Z,https://youtube.com/watch?v=INX8XEqpSqM
2026-06-23 07:18 UTC,💖🔥 Sreeleela’s Mind-Blowing Dance Performance#sreeleela​#trending​#viral​#dance​#lovely​#edit​#yt​,Pawan Saini officer,28825,5100,5.65,PT9S,2026-06-12T09:20:18Z,https://youtube.com/watch?v=WYy9X9JQC9M
2026-06-23 07:18 UTC,🪷✨Apsara look🪷✨ finally #transition #apsara #trendingshorts #viral #godessparvati,Monika's Marathi Vlog🎀,2255,411,5.49,PT19S,2026-06-14T18:37:12Z,https://youtube.com/watch?v=wkiNEpr9bKo
2026-06-23 08:48 UTC,Backrooms Movie  #backrooms #horror #liminalspace,I'm Flugel,30346,71,303.46,PT31S,2026-06-14T16:00:27Z,https://youtube.com/watch?v=V72Olu9QVj4
2026-06-23 08:48 UTC,🔥 MIND-BLOWING Caught Behind by Shubman Gill! 🤯🏏 | Unbelievable Catch Behind the Stumps,Kohli Empire,27045,92,270.45,PT15S,2026-06-14T05:25:34Z,https://youtube.com/watch?v=deIOEF--UCk
2026-06-23 08:48 UTC,Backrooms Movie #liminalspace  #horror #backrooms,I'm Flugel,22855,71,228.55,PT48S,2026-06-14T15:45:02Z,https://youtube.com/watch?v=rTcIcVEHcOo
2026-06-23 08:48 UTC,A Little Girl Saved a Alien Robot… Then He Came Back for Her,Ashborn Films,690897,3440,200.84,PT14M22S,2026-06-11T16:43:20Z,https://youtube.com/watch?v=NWe79HR3-hk
2026-06-23 08:48 UTC,The transition we need in our lifes ❤️✌🏻 #mastimoment #reels #shorts #short #shortvideo#shortsfeed,Aatu patel,34429,179,192.34,PT13S,2026-06-11T09:14:32Z,https://youtube.com/watch?v=gBqVFt5Npec
2026-06-23 08:48 UTC,🚪 I Opened The Second Door... | Log #8,Alice Lost,18934,44,189.34,PT19S,2026-06-15T23:00:36Z,https://youtube.com/watch?v=iESoiN4jq6E
2026-06-23 08:48 UTC,Wait for End 😱 Wavy Effect Magic | Mind Blowing Short,Geeta Vishkarma,16432,49,164.32,PT14S,2026-06-09T12:28:53Z,https://youtube.com/watch?v=xIac_GsOv4k
2026-06-23 08:48 UTC,🤯 Mind-blowing moment! #shorts #viral #trending #fyp #youtube #explore #reels #ytshort,Daily Fact Reactor,13699,21,136.99,PT16S,2026-06-19T03:30:15Z,https://youtube.com/watch?v=PXSHp57b2SU
2026-06-23 08:48 UTC,They Had to Buy Everything With Their Lifespan 😱 #movierecap #shortvideo #shorts,Movie World Recap,23418,250,93.67,PT2M21S,2026-06-17T14:00:32Z,https://youtube.com/watch?v=jqDOM8X_dfg
2026-06-23 08:48 UTC,fantastic butterfly trend📈#trending #transition #2026 #shorts #butterfly #instagram #new #viral,khushijiedits,2251442,30000,75.05,PT28S,2026-06-12T15:30:20Z,https://youtube.com/watch?v=TY73ohe5Kl4
2026-06-23 08:48 UTC,Looping the rooms | backrooms movie,Moka!,6687,56,66.87,PT56S,2026-06-18T19:00:01Z,https://youtube.com/watch?v=9YMliJsn4uA
2026-06-23 08:48 UTC,Unreal Places on Earth 🌍✨🏞️🌊✈️ #travel #explore #adventure #nature,Billionaire Lado,777764,18100,42.97,PT19S,2026-06-09T10:20:08Z,https://youtube.com/watch?v=jO-SPRkqK0w
2026-06-23 08:48 UTC,Trending Transition  | Viral Reel Ideas #shorts | YouTube Shorts #shorts #trendingshorts,Amritha Prasannan,3644,87,36.44,PT16S,2026-06-09T16:20:09Z,https://youtube.com/watch?v=7TKwTF4z9lk
2026-06-23 08:48 UTC,Captain Clark Edit 2 (Backrooms Movie) | BAD ENDING FUNK,slimetree ୨୧,733541,21000,34.93,PT21S,2026-06-12T20:00:06Z,https://youtube.com/watch?v=erq8n7q4omU
2026-06-23 08:48 UTC,transition alert ⏩😱 | funny video 🤣 | #funnyvideo #comedy #entertainment,abhifunzone07,2986,32,29.86,PT23S,2026-06-13T06:18:14Z,https://youtube.com/watch?v=CShgIAiWq80
2026-06-23 08:48 UTC,Oh my god 😱 What a Farming reel crazy videography idea 👈🏻 #videography #shorts #transition,Magic Shot X,2947,58,29.47,PT38S,2026-06-15T11:30:39Z,https://youtube.com/watch?v=opcT8zN419U
2026-06-23 08:48 UTC,Big & Small Moon Monster Cars vs Giant Unfinished Road – BeamNG.drive #carcrashes #beamngexperiments,The Beam Hub,23152,877,26.4,PT21S,2026-06-16T00:00:05Z,https://youtube.com/watch?v=M1MZ9NW1Wq8
2026-06-23 08:48 UTC,🤯 Mind-blowing moment! #shorts #viral #trending #fyp #youtube #explore #reels #ytshort,Daily Fact Reactor,2614,21,26.14,PT28S,2026-06-22T02:12:37Z,https://youtube.com/watch?v=LbnehWL7K50
2026-06-23 08:48 UTC,Silent Dance Party vs. Giant Syringe #backrooms #weirdcore,Mindverse Studios,10176,509,19.99,PT29S,2026-06-17T20:53:07Z,https://youtube.com/watch?v=LmQ-4jQPDtM
2026-06-23 08:48 UTC,#VFX #VFXEdit #Editing #VideoEditing #Trending #Reels #Cinem#AfterEffects #CapCut #HemantVFXEditz08,Hemantvfx- editz08,1836,32,18.36,PT41S,2026-06-18T07:30:10Z,https://youtube.com/watch?v=7g7p0xJQJBs
2026-06-23 08:48 UTC,The smoothest transition!!!🫀👏🏻@TheBaddiaee #memes#contentcreator,_𝐁𝐀𝐃𝐃𝐈𝐄𝐄_,30896,1890,16.35,PT10S,2026-06-18T07:57:40Z,https://youtube.com/watch?v=iEh1A_eBweI
2026-06-23 08:48 UTC,हर दिन खाना भरपेट मिलता है| platform movie explain| hollywood movie in hindi dubbed|#movie #shorts,vikku recap 4.0,1490,12,14.9,PT58S,2026-06-18T09:43:38Z,https://youtube.com/watch?v=inqd4jc7IDI
2026-06-23 08:48 UTC,"They're aura farming, MIND BLOWING 😱 #reels #shorts #timer #clock #trend #viral",RankTiger,2028,173,11.72,PT51S,2026-06-11T17:00:08Z,https://youtube.com/watch?v=J722FbmBE8A
2026-06-23 08:48 UTC,Choru ka gulam ❤ #ytshorts #shorts #trending #reels #cinematic #aesthetic #chorukagulam,Rutika Wagh,757009,69700,10.86,PT14S,2026-06-12T03:33:51Z,https://youtube.com/watch?v=GtAQecByGjQ
2026-06-23 08:48 UTC,10 Second Mind Blowing AI Video   Amazing Tech Edit #shorts,ZOVIO TV ,4034,578,6.98,PT9S,2026-06-13T02:35:38Z,https://youtube.com/watch?v=OtAh9C_oU0M
2026-06-23 08:48 UTC,The Backrooms | Animated Horror Short Film..,MSD Render,8379,1330,6.3,PT5M19S,2026-06-15T04:30:31Z,https://youtube.com/watch?v=6snvE_A5PkY
2026-06-23 08:48 UTC,Elderly Fashion Dance • We Are The Late Light | Surreal AI Music Video 4K,Surreal AI,318611,52400,6.08,PT8M35S,2026-06-16T14:10:42Z,https://youtube.com/watch?v=jxanYglRnCY
2026-06-23 08:48 UTC,fantastic butterfly🦋#trending #trendingshorts #transition #2026 #viral #short #butterfly #new,khushijiedits,180935,30000,6.03,PT25S,2026-06-14T15:30:29Z,https://youtube.com/watch?v=56U4b_sjVL4
2026-06-23 08:48 UTC,"Peppa, Daddy pig Jumped in the pool! Peppa Effects Sponsored by Klasky Csupo Effects",IEffects0015,4542,779,5.83,PT2M3S,2026-06-18T13:00:45Z,https://youtube.com/watch?v=INX8XEqpSqM
2026-06-23 08:48 UTC,💖🔥 Sreeleela’s Mind-Blowing Dance Performance#sreeleela​#trending​#viral​#dance​#lovely​#edit​#yt​,Pawan Saini officer,28825,5110,5.64,PT9S,2026-06-12T09:20:18Z,https://youtube.com/watch?v=WYy9X9JQC9M
2026-06-23 08:48 UTC,🪷✨Apsara look🪷✨ finally #transition #apsara #trendingshorts #viral #godessparvati,Monika's Marathi Vlog🎀,2255,411,5.49,PT19S,2026-06-14T18:37:12Z,https://youtube.com/watch?v=wkiNEpr9bKo
2026-06-23 17:22 UTC,Backrooms Movie  #backrooms #horror #liminalspace,I'm Flugel,30488,71,304.88,PT31S,2026-06-14T16:00:27Z,https://youtube.com/watch?v=V72Olu9QVj4
2026-06-23 17:22 UTC,🔥 MIND-BLOWING Caught Behind by Shubman Gill! 🤯🏏 | Unbelievable Catch Behind the Stumps,Kohli Empire,27279,95,272.79,PT15S,2026-06-14T05:25:34Z,https://youtube.com/watch?v=deIOEF--UCk
2026-06-23 17:22 UTC,Backrooms Movie #liminalspace  #horror #backrooms,I'm Flugel,22901,71,229.01,PT48S,2026-06-14T15:45:02Z,https://youtube.com/watch?v=rTcIcVEHcOo
2026-06-23 17:22 UTC,A Little Girl Saved a Alien Robot… Then He Came Back for Her,Ashborn Films,713526,3560,200.43,PT14M22S,2026-06-11T16:43:20Z,https://youtube.com/watch?v=NWe79HR3-hk
2026-06-23 17:22 UTC,The transition we need in our lifes ❤️✌🏻 #mastimoment #reels #shorts #short #shortvideo#shortsfeed,Aatu patel,34429,179,192.34,PT13S,2026-06-11T09:14:32Z,https://youtube.com/watch?v=gBqVFt5Npec
2026-06-23 17:22 UTC,🚪 I Opened The Second Door... | Log #8,Alice Lost,18932,44,189.32,PT19S,2026-06-15T23:00:36Z,https://youtube.com/watch?v=iESoiN4jq6E
2026-06-23 17:22 UTC,🤯 Mind-blowing moment! #shorts #viral #trending #fyp #youtube #explore #reels #ytshort,Daily Fact Reactor,13704,21,137.04,PT16S,2026-06-19T03:30:15Z,https://youtube.com/watch?v=PXSHp57b2SU
2026-06-23 17:22 UTC,They Had to Buy Everything With Their Lifespan 😱 #movierecap #shortvideo #shorts,Movie World Recap,23424,250,93.7,PT2M21S,2026-06-17T14:00:32Z,https://youtube.com/watch?v=jqDOM8X_dfg
2026-06-23 17:22 UTC,fantastic butterfly trend📈#trending #transition #2026 #shorts #butterfly #instagram #new #viral,khushijiedits,2254568,30000,75.15,PT28S,2026-06-12T15:30:20Z,https://youtube.com/watch?v=TY73ohe5Kl4
2026-06-23 17:22 UTC,Looping the rooms | backrooms movie,Moka!,7169,56,71.69,PT56S,2026-06-18T19:00:01Z,https://youtube.com/watch?v=9YMliJsn4uA
2026-06-23 17:22 UTC,🤯 Mind-blowing moment! #shorts #viral #trending #fyp #youtube #explore #reels #ytshort,Daily Fact Reactor,3586,21,35.86,PT28S,2026-06-22T02:12:37Z,https://youtube.com/watch?v=LbnehWL7K50
2026-06-23 17:22 UTC,Captain Clark Edit 2 (Backrooms Movie) | BAD ENDING FUNK,slimetree ୨୧,738333,21200,34.83,PT21S,2026-06-12T20:00:06Z,https://youtube.com/watch?v=erq8n7q4omU
2026-06-23 17:22 UTC,transition alert ⏩😱 | funny video 🤣 | #funnyvideo #comedy #entertainment,abhifunzone07,2986,32,29.86,PT23S,2026-06-13T06:18:14Z,https://youtube.com/watch?v=CShgIAiWq80
2026-06-23 17:22 UTC,Silent Dance Party vs. Giant Syringe #backrooms #weirdcore,Mindverse Studios,10176,509,19.99,PT29S,2026-06-17T20:53:07Z,https://youtube.com/watch?v=LmQ-4jQPDtM
2026-06-23 17:22 UTC,#VFX #VFXEdit #Editing #VideoEditing #Trending #Reels #Cinem#AfterEffects #CapCut #HemantVFXEditz08,Hemant creator -08,1836,56,18.36,PT41S,2026-06-18T07:30:10Z,https://youtube.com/watch?v=7g7p0xJQJBs
2026-06-23 17:22 UTC,The smoothest transition!!!🫀👏🏻@TheBaddiaee #memes#contentcreator,_𝐁𝐀𝐃𝐃𝐈𝐄𝐄_,30897,1890,16.35,PT10S,2026-06-18T07:57:40Z,https://youtube.com/watch?v=iEh1A_eBweI
2026-06-23 17:22 UTC,🤯 Mind-blowing moment! #shorts #viral #trending #fyp #youtube #explore #reels #ytshort,Daily Fact Reactor,1519,21,15.19,PT16S,2026-06-21T07:55:17Z,https://youtube.com/watch?v=2QPRT_n5E-g
2026-06-23 17:22 UTC,हर दिन खाना भरपेट मिलता है| platform movie explain| hollywood movie in hindi dubbed|#movie #shorts,vikku recap 4.0,1492,12,14.92,PT58S,2026-06-18T09:43:38Z,https://youtube.com/watch?v=inqd4jc7IDI
2026-06-23 17:22 UTC,Mind-Blowing AI Video 😍🔥 | Cinematic AI Edit | #shorts #trending #shortfeed,CineHeart AI,1636,120,13.63,PT31S,2026-06-21T12:58:49Z,https://youtube.com/watch?v=z0SMUEKMGZg
2026-06-23 17:22 UTC,"They're aura farming, MIND BLOWING 😱 #reels #shorts #timer #clock #trend #viral",RankTiger,2028,173,11.72,PT51S,2026-06-11T17:00:08Z,https://youtube.com/watch?v=J722FbmBE8A
2026-06-23 17:22 UTC,This Edit Blow your Mind 🤯🔥BMW EDIT BMW CINEMATIC EDIT 4K,MDJ DORENT EDITS ,1347,118,11.42,PT21S,2026-06-22T13:25:14Z,https://youtube.com/watch?v=7tbIddfa1Lc
2026-06-23 17:22 UTC,Choru ka gulam ❤ #ytshorts #shorts #trending #reels #cinematic #aesthetic #chorukagulam,Rutika Wagh,757155,70600,10.72,PT14S,2026-06-12T03:33:51Z,https://youtube.com/watch?v=GtAQecByGjQ
2026-06-23 17:22 UTC,10 Second Mind Blowing AI Video   Amazing Tech Edit #shorts,ZOVIO TV ,4034,577,6.99,PT9S,2026-06-13T02:35:38Z,https://youtube.com/watch?v=OtAh9C_oU0M
2026-06-23 17:22 UTC,The Backrooms | Animated Horror Short Film..,MSD Render,9041,1330,6.8,PT5M19S,2026-06-15T04:30:31Z,https://youtube.com/watch?v=6snvE_A5PkY
2026-06-23 17:22 UTC,Elderly Fashion Dance • We Are The Late Light | Surreal AI Music Video 4K,Surreal AI,330648,52600,6.29,PT8M35S,2026-06-16T14:10:42Z,https://youtube.com/watch?v=jxanYglRnCY
2026-06-23 17:22 UTC,fantastic butterfly🦋#trending #trendingshorts #transition #2026 #viral #short #butterfly #new,khushijiedits,181959,30000,6.07,PT25S,2026-06-14T15:30:29Z,https://youtube.com/watch?v=56U4b_sjVL4
2026-06-23 17:22 UTC,"Peppa, Daddy pig Jumped in the pool! Peppa Effects Sponsored by Klasky Csupo Effects",IEffects0015,4620,784,5.89,PT2M3S,2026-06-18T13:00:45Z,https://youtube.com/watch?v=INX8XEqpSqM
2026-06-23 17:22 UTC,💖🔥 Sreeleela’s Mind-Blowing Dance Performance#sreeleela​#trending​#viral​#dance​#lovely​#edit​#yt​,Pawan Saini officer,28840,5130,5.62,PT9S,2026-06-12T09:20:18Z,https://youtube.com/watch?v=WYy9X9JQC9M
2026-06-23 17:22 UTC,🪷✨Apsara look🪷✨ finally #transition #apsara #trendingshorts #viral #godessparvati,Monika's Marathi Vlog🎀,2257,411,5.49,PT19S,2026-06-14T18:37:12Z,https://youtube.com/watch?v=wkiNEpr9bKo
2026-06-23 22:47 UTC,Railroad crossings falling into Fish #roblox #railroodcrocing #shorts,FUMIKIRI ZONE,1132024,2270,498.69,PT20S,2026-06-14T00:00:03Z,https://youtube.com/watch?v=R7qDGToGpMw
2026-06-23 22:47 UTC,Backrooms Movie  #backrooms #horror #liminalspace,I'm Flugel,30861,71,308.61,PT31S,2026-06-14T16:00:27Z,https://youtube.com/watch?v=V72Olu9QVj4
2026-06-23 22:47 UTC,🔥 MIND-BLOWING Caught Behind by Shubman Gill! 🤯🏏 | Unbelievable Catch Behind the Stumps,Kohli Empire,27381,95,273.81,PT15S,2026-06-14T05:25:34Z,https://youtube.com/watch?v=deIOEF--UCk
2026-06-23 22:47 UTC,Backrooms Movie #liminalspace  #horror #backrooms,I'm Flugel,22946,71,229.46,PT48S,2026-06-14T15:45:02Z,https://youtube.com/watch?v=rTcIcVEHcOo
2026-06-23 22:47 UTC,A Little Girl Saved a Alien Robot… Then He Came Back for Her,Ashborn Films,730345,3640,200.64,PT14M22S,2026-06-11T16:43:20Z,https://youtube.com/watch?v=NWe79HR3-hk
2026-06-23 22:47 UTC,The transition we need in our lifes ❤️✌🏻 #mastimoment #reels #shorts #short #shortvideo#shortsfeed,Aatu patel,34429,179,192.34,PT13S,2026-06-11T09:14:32Z,https://youtube.com/watch?v=gBqVFt5Npec
2026-06-23 22:47 UTC,🚪 I Opened The Second Door... | Log #8,Alice Lost,18934,44,189.34,PT19S,2026-06-15T23:00:36Z,https://youtube.com/watch?v=iESoiN4jq6E
2026-06-23 22:47 UTC,🤯 Mind-blowing moment! #shorts #viral #trending #fyp #youtube #explore #reels #ytshort,Daily Fact Reactor,13704,21,137.04,PT16S,2026-06-19T03:30:15Z,https://youtube.com/watch?v=PXSHp57b2SU
2026-06-23 22:47 UTC,They Had to Buy Everything With Their Lifespan 😱 #movierecap #shortvideo #shorts,Movie World Recap,23424,252,92.95,PT2M21S,2026-06-17T14:00:32Z,https://youtube.com/watch?v=jqDOM8X_dfg
2026-06-23 22:47 UTC,Looping the rooms | backrooms movie,Moka!,7550,59,75.5,PT56S,2026-06-18T19:00:01Z,https://youtube.com/watch?v=9YMliJsn4uA
2026-06-23 22:47 UTC,fantastic butterfly trend📈#trending #transition #2026 #shorts #butterfly #instagram #new #viral,khushijiedits,2256380,30000,75.21,PT28S,2026-06-12T15:30:20Z,https://youtube.com/watch?v=TY73ohe5Kl4
2026-06-23 22:47 UTC,Supernatural dread in bathroom #horror #shortvideo #surreal #ai #cinematic  #geminiomni #mirror,DreamRift,4144,23,41.44,PT11S,2026-06-14T17:28:48Z,https://youtube.com/watch?v=xxmFNUFH_VI
2026-06-23 22:47 UTC,🤯 Mind-blowing moment! #shorts #viral #trending #fyp #youtube #explore #reels #ytshort,Daily Fact Reactor,3789,21,37.89,PT28S,2026-06-22T02:12:37Z,https://youtube.com/watch?v=LbnehWL7K50
2026-06-23 22:47 UTC,Captain Clark Edit 2 (Backrooms Movie) | BAD ENDING FUNK,slimetree ୨୧,742648,21300,34.87,PT21S,2026-06-12T20:00:06Z,https://youtube.com/watch?v=erq8n7q4omU
2026-06-23 22:47 UTC,transition alert ⏩😱 | funny video 🤣 | #funnyvideo #comedy #entertainment,abhifunzone07,2986,32,29.86,PT23S,2026-06-13T06:18:14Z,https://youtube.com/watch?v=CShgIAiWq80
2026-06-23 22:47 UTC,Surreal cooking competition disc #shorts #shortvideo #subscribe,kidzo playtime TV,2968,2,29.68,PT11S,2026-06-13T17:35:45Z,https://youtube.com/watch?v=nMxWjIGuAkU
2026-06-23 22:47 UTC,Oh my god 😱 What a Farming reel crazy videography idea 👈🏻 #videography #shorts #transition,Magic Shot X,2953,63,29.53,PT38S,2026-06-15T11:30:39Z,https://youtube.com/watch?v=opcT8zN419U
2026-06-23 22:47 UTC,In this surreal and playful AI-generated video #shortvideo #aivideo #like #trendingshorts #myvideo,AST DAS,2185,6,21.85,PT9S,2026-06-12T10:10:39Z,https://youtube.com/watch?v=cBGhkgMPm8k
2026-06-23 22:47 UTC,Silent Dance Party vs. Giant Syringe #backrooms #weirdcore,Mindverse Studios,10178,509,20.0,PT29S,2026-06-17T20:53:07Z,https://youtube.com/watch?v=LmQ-4jQPDtM
2026-06-23 22:47 UTC,The smoothest transition!!!🫀👏🏻@TheBaddiaee #memes#contentcreator,_𝐁𝐀𝐃𝐃𝐈𝐄𝐄_,30897,1890,16.35,PT10S,2026-06-18T07:57:40Z,https://youtube.com/watch?v=iEh1A_eBweI
2026-06-23 22:47 UTC,aliens stuff #ai #aivideo #shortvideo #film #shorts #aliens #surreal,DreamRift,1609,23,16.09,PT21S,2026-06-17T21:47:55Z,https://youtube.com/watch?v=fqUFRO_Z_I4
2026-06-23 22:47 UTC,🤯 Mind-blowing moment! #shorts #viral #trending #fyp #youtube #explore #reels #ytshort,Daily Fact Reactor,1523,21,15.23,PT16S,2026-06-21T07:55:17Z,https://youtube.com/watch?v=2QPRT_n5E-g
2026-06-23 22:47 UTC,Mind-Blowing AI Video 😍🔥 | Cinematic AI Edit | #shorts #trending #shortfeed,CineHeart AI,1638,117,14.0,PT31S,2026-06-21T12:58:49Z,https://youtube.com/watch?v=z0SMUEKMGZg
2026-06-23 22:47 UTC,"They're aura farming, MIND BLOWING 😱 #reels #shorts #timer #clock #trend #viral",RankTiger,2029,173,11.73,PT51S,2026-06-11T17:00:08Z,https://youtube.com/watch?v=J722FbmBE8A
2026-06-23 22:47 UTC,This Edit Blow your Mind 🤯🔥BMW EDIT BMW CINEMATIC EDIT 4K,MDJ DORENT EDITS ,1353,118,11.47,PT21S,2026-06-22T13:25:14Z,https://youtube.com/watch?v=7tbIddfa1Lc
2026-06-23 22:47 UTC,Choru ka gulam ❤ #ytshorts #shorts #trending #reels #cinematic #aesthetic #chorukagulam,Rutika Wagh,757218,70800,10.7,PT14S,2026-06-12T03:33:51Z,https://youtube.com/watch?v=GtAQecByGjQ
2026-06-23 22:47 UTC,The Backrooms | Animated Horror Short Film..,MSD Render,9355,1330,7.03,PT5M19S,2026-06-15T04:30:31Z,https://youtube.com/watch?v=6snvE_A5PkY
2026-06-23 22:47 UTC,10 Second Mind Blowing AI Video   Amazing Tech Edit #shorts,ZOVIO TV ,4034,577,6.99,PT9S,2026-06-13T02:35:38Z,https://youtube.com/watch?v=OtAh9C_oU0M
2026-06-23 22:47 UTC,Elderly Fashion Dance • We Are The Late Light | Surreal AI Music Video 4K,Surreal AI,338593,52700,6.42,PT8M35S,2026-06-16T14:10:42Z,https://youtube.com/watch?v=jxanYglRnCY
2026-06-23 22:47 UTC,fantastic butterfly🦋#trending #trendingshorts #transition #2026 #viral #short #butterfly #new,khushijiedits,182203,30000,6.07,PT25S,2026-06-14T15:30:29Z,https://youtube.com/watch?v=56U4b_sjVL4
2026-06-23 22:47 UTC,"Peppa, Daddy pig Jumped in the pool! Peppa Effects Sponsored by Klasky Csupo Effects",IEffects0015,4710,791,5.95,PT2M3S,2026-06-18T13:00:45Z,https://youtube.com/watch?v=INX8XEqpSqM
2026-06-23 22:47 UTC,💖🔥 Sreeleela’s Mind-Blowing Dance Performance#sreeleela​#trending​#viral​#dance​#lovely​#edit​#yt​,Pawan Saini officer,28842,5130,5.62,PT9S,2026-06-12T09:20:18Z,https://youtube.com/watch?v=WYy9X9JQC9M
2026-06-23 22:47 UTC,🪷✨Apsara look🪷✨ finally #transition #apsara #trendingshorts #viral #godessparvati,Monika's Marathi Vlog🎀,2258,411,5.49,PT19S,2026-06-14T18:37:12Z,https://youtube.com/watch?v=wkiNEpr9bKo
2026-06-24 07:21 UTC,Railroad crossings falling into Fish #roblox #railroodcrocing #shorts,FUMIKIRI ZONE,1137610,2310,492.47,PT20S,2026-06-14T00:00:03Z,https://youtube.com/watch?v=R7qDGToGpMw
2026-06-24 07:21 UTC,"Lakho Zombies Ke Beech Phans Gaye Ye Log, Phir Jo Hua Wo Namumkin Tha | (Movie/Flim explained Hindi)",Filmy sfd,165045,526,313.77,PT22M24S,2026-06-11T14:30:22Z,https://youtube.com/watch?v=PVYpxE8MYwM
2026-06-24 07:21 UTC,Backrooms Movie  #backrooms #horror #liminalspace,I'm Flugel,31241,71,312.41,PT31S,2026-06-14T16:00:27Z,https://youtube.com/watch?v=V72Olu9QVj4
2026-06-24 07:21 UTC,🔥 MIND-BLOWING Caught Behind by Shubman Gill! 🤯🏏 | Unbelievable Catch Behind the Stumps,Kohli Empire,27417,95,274.17,PT15S,2026-06-14T05:25:34Z,https://youtube.com/watch?v=deIOEF--UCk
2026-06-24 07:21 UTC,Zombies Se Bachkar Kahan Jaoge? 🧟| Filmy/Movie Explained in Hindi/Urdu | Movie Story ,Filmy Fire ,54654,237,230.61,PT22M24S,2026-06-13T14:35:12Z,https://youtube.com/watch?v=iQSbRPtRVpY
2026-06-24 07:21 UTC,Backrooms Movie #liminalspace  #horror #backrooms,I'm Flugel,23043,71,230.43,PT48S,2026-06-14T15:45:02Z,https://youtube.com/watch?v=rTcIcVEHcOo
2026-06-24 07:21 UTC,A Little Girl Saved a Alien Robot… Then He Came Back for Her,Ashborn Films,750302,3730,201.15,PT14M22S,2026-06-11T16:43:20Z,https://youtube.com/watch?v=NWe79HR3-hk
2026-06-24 07:21 UTC,The transition we need in our lifes ❤️✌🏻 #mastimoment #reels #shorts #short #shortvideo#shortsfeed,Aatu patel,34429,179,192.34,PT13S,2026-06-11T09:14:32Z,https://youtube.com/watch?v=gBqVFt5Npec
2026-06-24 07:21 UTC,🚪 I Opened The Second Door... | Log #8,Alice Lost,18934,44,189.34,PT19S,2026-06-15T23:00:36Z,https://youtube.com/watch?v=iESoiN4jq6E
2026-06-24 07:21 UTC,🤯 Mind-blowing moment! #shorts #viral #trending #fyp #youtube #explore #reels #ytshort,Daily Fact Reactor,13707,24,137.07,PT16S,2026-06-19T03:30:15Z,https://youtube.com/watch?v=PXSHp57b2SU
2026-06-24 07:21 UTC,They Had to Buy Everything With Their Lifespan 😱 #movierecap #shortvideo #shorts,Movie World Recap,23427,252,92.96,PT2M21S,2026-06-17T14:00:32Z,https://youtube.com/watch?v=jqDOM8X_dfg
2026-06-24 07:21 UTC,"¿Quién sobrevive a una horda de zombies: la Fruty Fresa, el Esqueleto o el Freaky?#short #shorts #ia",Esqueletosaurio,171045,1940,88.17,PT1M40S,2026-06-10T21:55:34Z,https://youtube.com/watch?v=QjJ31eczHiw
2026-06-24 07:21 UTC,Looping the rooms | backrooms movie,Moka!,8373,60,83.73,PT56S,2026-06-18T19:00:01Z,https://youtube.com/watch?v=9YMliJsn4uA
2026-06-24 07:21 UTC,fantastic butterfly trend📈#trending #transition #2026 #shorts #butterfly #instagram #new #viral,khushijiedits,2258897,30000,75.3,PT28S,2026-06-12T15:30:20Z,https://youtube.com/watch?v=TY73ohe5Kl4
2026-06-24 07:21 UTC,YOU CAN EAT THEM! ☠️ - Backrooms Edit | fragment (super slowed) | #backrooms #edit #shorts,Grandpa's Editz,250732,4210,59.56,PT33S,2026-06-16T15:00:19Z,https://youtube.com/watch?v=OKZw6FlqCDI
2026-06-24 07:21 UTC,🤯 Mind-blowing moment! #shorts #viral #trending #fyp #youtube #explore #reels #ytshort,Daily Fact Reactor,4829,24,48.29,PT28S,2026-06-22T02:12:37Z,https://youtube.com/watch?v=LbnehWL7K50
2026-06-24 07:21 UTC,Supernatural dread in bathroom #horror #shortvideo #surreal #ai #cinematic  #geminiomni #mirror,DreamRift,4144,23,41.44,PT11S,2026-06-14T17:28:48Z,https://youtube.com/watch?v=xxmFNUFH_VI
2026-06-24 07:21 UTC,🧟 Zombie outbreak! 😱 Heroes vs zombie virus! Who will survive? Watch till the end! 🔥,Zombie Toon Aia ,113045,2800,40.37,PT17S,2026-06-15T23:09:23Z,https://youtube.com/watch?v=ds2ODDe5YG0
2026-06-24 07:21 UTC,Captain Clark Edit 2 (Backrooms Movie) | BAD ENDING FUNK,slimetree ୨୧,749270,21500,34.85,PT21S,2026-06-12T20:00:06Z,https://youtube.com/watch?v=erq8n7q4omU
2026-06-24 07:21 UTC,Surreal cooking competition disc #shorts #shortvideo #subscribe,kidzo playtime TV,2968,2,29.68,PT11S,2026-06-13T17:35:45Z,https://youtube.com/watch?v=nMxWjIGuAkU
2026-06-24 07:21 UTC,Oh my god 😱 What a Farming reel crazy videography idea 👈🏻 #videography #shorts #transition,Magic Shot X,2953,64,29.53,PT38S,2026-06-15T11:30:39Z,https://youtube.com/watch?v=opcT8zN419U
2026-06-24 07:21 UTC,Jab Poora Thailand Zombies Ke Jhapet Mein Aa Gaya - ( ZIAM 2025 Zombie Movie Explained In Hindi/urdu,Filmy Yum,145937,6110,23.88,PT23M28S,2026-06-10T12:00:04Z,https://youtube.com/watch?v=6k--KOGtT2U
2026-06-24 07:21 UTC,Screams in Seoul | WE ARE LEGEND: KOREA | Full Movie (4K) I AM LEGEND 2,Movie Timelapse,122201,5420,22.55,PT19M42S,2026-06-11T17:51:57Z,https://youtube.com/watch?v=Boq8L1P3_2s
2026-06-24 07:21 UTC,In this surreal and playful AI-generated video #shortvideo #aivideo #like #trendingshorts #myvideo,AST DAS,2185,6,21.85,PT9S,2026-06-12T10:10:39Z,https://youtube.com/watch?v=cBGhkgMPm8k
2026-06-24 07:21 UTC,Silent Dance Party vs. Giant Syringe #backrooms #weirdcore,Mindverse Studios,10182,509,20.0,PT29S,2026-06-17T20:53:07Z,https://youtube.com/watch?v=LmQ-4jQPDtM
2026-06-24 07:21 UTC,The smoothest transition!!!🫀👏🏻@TheBaddiaee #memes#contentcreator,_𝐁𝐀𝐃𝐃𝐈𝐄𝐄_,30898,1890,16.35,PT10S,2026-06-18T07:57:40Z,https://youtube.com/watch?v=iEh1A_eBweI
2026-06-24 07:21 UTC,aliens stuff #ai #aivideo #shortvideo #film #shorts #aliens #surreal,DreamRift,1609,23,16.09,PT21S,2026-06-17T21:47:55Z,https://youtube.com/watch?v=fqUFRO_Z_I4
2026-06-24 07:21 UTC,The Last Hope for Humanity Was the Hardest Man to Save | Z Nation #shorts,ZaneWalker,484770,30400,15.95,PT1M,2026-06-21T10:52:45Z,https://youtube.com/watch?v=-6w3bDFm_po
2026-06-24 07:21 UTC,If Manchester became a ruin...#postapocalyptic #abandoned #dystopian #timelapse,The Earth Unbound,1522,78,15.22,PT43S,2026-06-13T16:56:09Z,https://youtube.com/watch?v=QHVUcRQ3rQs
2026-06-24 07:21 UTC,Mind-Blowing AI Video 😍🔥 | Cinematic AI Edit | #shorts #trending #shortfeed,CineHeart AI,1638,117,14.0,PT31S,2026-06-21T12:58:49Z,https://youtube.com/watch?v=z0SMUEKMGZg
2026-06-24 07:21 UTC,Zombie Apocalypse Vehicle Restoration | Abandoned Rusted Car to Ultimate Survival Machine,Restoration HUB,1303,4,13.03,PT31S,2026-06-16T19:48:05Z,https://youtube.com/watch?v=55N1gqdexfo
2026-06-24 07:21 UTC,The Giant and the Deadly Toilet Monster Trap in the Ruined City,voicon,6589,518,12.72,PT8M5S,2026-06-11T10:50:05Z,https://youtube.com/watch?v=rx9VU8PgB3w
2026-06-24 07:21 UTC,"They're aura farming, MIND BLOWING 😱 #reels #shorts #timer #clock #trend #viral",RankTiger,2029,173,11.73,PT51S,2026-06-11T17:00:08Z,https://youtube.com/watch?v=J722FbmBE8A
2026-06-24 07:21 UTC,The Signal From the Ruined CityThey followed the light…but someone was already watching. #movie,Primal Path,1167,52,11.67,PT30S,2026-06-16T15:00:07Z,https://youtube.com/watch?v=1Qv91uK75OM
2026-06-24 07:21 UTC,This Edit Blow your Mind 🤯🔥BMW EDIT BMW CINEMATIC EDIT 4K,MDJ DORENT EDITS ,1367,118,11.58,PT21S,2026-06-22T13:25:14Z,https://youtube.com/watch?v=7tbIddfa1Lc
2026-06-24 07:21 UTC,"Reborn before doomsday — he awakens cosmic power, hoards global supplies, rules the apocalypse!",Fengyun Short Drama Society,177685,16700,10.64,PT2H7M45S,2026-06-10T18:00:08Z,https://youtube.com/watch?v=A3jDWe5_k_g
2026-06-24 07:21 UTC,Choru ka gulam ❤ #ytshorts #shorts #trending #reels #cinematic #aesthetic #chorukagulam,Rutika Wagh,757289,71500,10.59,PT14S,2026-06-12T03:33:51Z,https://youtube.com/watch?v=GtAQecByGjQ
2026-06-24 07:21 UTC,Cyber Warrior in the Last City #shorts #aivideo #cyberpunk #postapocalyptic #aiart,Наталья Евгеньевна,976,6,9.76,PT29S,2026-06-17T12:35:13Z,https://youtube.com/watch?v=79ARmT9HMUk
2026-06-24 07:21 UTC,End of Broadcast - Sleep Dark Ambient - Post Apocalyptic Atmosphere,Last Signal,744,56,7.44,PT1H2M53S,2026-06-11T17:15:34Z,https://youtube.com/watch?v=VUyO2vPwXhc
2026-06-24 07:21 UTC,The Backrooms | Animated Horror Short Film..,MSD Render,9815,1340,7.32,PT5M19S,2026-06-15T04:30:31Z,https://youtube.com/watch?v=6snvE_A5PkY
2026-06-24 07:21 UTC,10 Second Mind Blowing AI Video   Amazing Tech Edit #shorts,ZOVIO TV ,4034,577,6.99,PT9S,2026-06-13T02:35:38Z,https://youtube.com/watch?v=OtAh9C_oU0M
2026-06-24 07:21 UTC,"Died apocalypse, reborn 24h pre-disaster, mind-reads to gather girls, build army, rule apocalypse",Fengyun Short Drama Society,113533,16700,6.8,PT2H28M43S,2026-06-17T18:00:36Z,https://youtube.com/watch?v=IOQMy-0ZjIc
2026-06-24 07:21 UTC,Elderly Fashion Dance • We Are The Late Light | Surreal AI Music Video 4K,Surreal AI,350973,52900,6.63,PT8M35S,2026-06-16T14:10:42Z,https://youtube.com/watch?v=jxanYglRnCY
2026-06-24 07:21 UTC,"Lagi Live Streaming, Tiba-Tiba Dunia Berubah Jadi Neraka Zombie 😱🧟",Santuy Sinema,1094757,165000,6.63,PT2M47S,2026-06-10T13:00:18Z,https://youtube.com/watch?v=Lm7yhDE5T68
2026-06-24 07:21 UTC,fantastic butterfly🦋#trending #trendingshorts #transition #2026 #viral #short #butterfly #new,khushijiedits,182322,30000,6.08,PT25S,2026-06-14T15:30:29Z,https://youtube.com/watch?v=56U4b_sjVL4
2026-06-24 07:21 UTC,"Peppa, Daddy pig Jumped in the pool! Peppa Effects Sponsored by Klasky Csupo Effects",IEffects0015,4820,797,6.05,PT2M3S,2026-06-18T13:00:45Z,https://youtube.com/watch?v=INX8XEqpSqM
2026-06-24 07:21 UTC,💖🔥 Sreeleela’s Mind-Blowing Dance Performance#sreeleela​#trending​#viral​#dance​#lovely​#edit​#yt​,Pawan Saini officer,28852,5140,5.61,PT9S,2026-06-12T09:20:18Z,https://youtube.com/watch?v=WYy9X9JQC9M
2026-06-24 07:21 UTC,🪷✨Apsara look🪷✨ finally #transition #apsara #trendingshorts #viral #godessparvati,Monika's Marathi Vlog🎀,2260,412,5.49,PT19S,2026-06-14T18:37:12Z,https://youtube.com/watch?v=wkiNEpr9bKo
2026-06-24 10:37 UTC,Railroad crossings falling into Fish #roblox #railroodcrocing #shorts,FUMIKIRI ZONE,1141019,2320,491.82,PT20S,2026-06-14T00:00:03Z,https://youtube.com/watch?v=R7qDGToGpMw
2026-06-24 10:37 UTC,"Lakho Zombies Ke Beech Phans Gaye Ye Log, Phir Jo Hua Wo Namumkin Tha | (Movie/Flim explained Hindi)",Filmy sfd,166082,527,315.15,PT22M24S,2026-06-11T14:30:22Z,https://youtube.com/watch?v=PVYpxE8MYwM
2026-06-24 10:37 UTC,Backrooms Movie  #backrooms #horror #liminalspace,I'm Flugel,31376,71,313.76,PT31S,2026-06-14T16:00:27Z,https://youtube.com/watch?v=V72Olu9QVj4
2026-06-24 10:37 UTC,🔥 MIND-BLOWING Caught Behind by Shubman Gill! 🤯🏏 | Unbelievable Catch Behind the Stumps,Kohli Empire,27515,95,275.15,PT15S,2026-06-14T05:25:34Z,https://youtube.com/watch?v=deIOEF--UCk
2026-06-24 10:37 UTC,Zombies Se Bachkar Kahan Jaoge? 🧟| Filmy/Movie Explained in Hindi/Urdu | Movie Story ,Filmy Fire ,57155,242,236.18,PT22M24S,2026-06-13T14:35:12Z,https://youtube.com/watch?v=iQSbRPtRVpY
2026-06-24 10:37 UTC,Backrooms Movie #liminalspace  #horror #backrooms,I'm Flugel,23058,71,230.58,PT48S,2026-06-14T15:45:02Z,https://youtube.com/watch?v=rTcIcVEHcOo
2026-06-24 10:37 UTC,A Little Girl Saved a Alien Robot… Then He Came Back for Her,Ashborn Films,757427,3770,200.91,PT14M22S,2026-06-11T16:43:20Z,https://youtube.com/watch?v=NWe79HR3-hk
2026-06-24 10:37 UTC,The transition we need in our lifes ❤️✌🏻 #mastimoment #reels #shorts #short #shortvideo#shortsfeed,Aatu patel,34429,179,192.34,PT13S,2026-06-11T09:14:32Z,https://youtube.com/watch?v=gBqVFt5Npec
2026-06-24 10:37 UTC,🚪 I Opened The Second Door... | Log #8,Alice Lost,18934,44,189.34,PT19S,2026-06-15T23:00:36Z,https://youtube.com/watch?v=iESoiN4jq6E
2026-06-24 10:37 UTC,🤯 Mind-blowing moment! #shorts #viral #trending #fyp #youtube #explore #reels #ytshort,Daily Fact Reactor,13709,26,137.09,PT16S,2026-06-19T03:30:15Z,https://youtube.com/watch?v=PXSHp57b2SU
2026-06-24 10:37 UTC,They Had to Buy Everything With Their Lifespan 😱 #movierecap #shortvideo #shorts,Movie World Recap,23428,252,92.97,PT2M21S,2026-06-17T14:00:32Z,https://youtube.com/watch?v=jqDOM8X_dfg
2026-06-24 10:37 UTC,"¿Quién sobrevive a una horda de zombies: la Fruty Fresa, el Esqueleto o el Freaky?#short #shorts #ia",Esqueletosaurio,171045,1940,88.17,PT1M40S,2026-06-10T21:55:34Z,https://youtube.com/watch?v=QjJ31eczHiw
2026-06-24 10:37 UTC,Looping the rooms | backrooms movie,Moka!,8665,62,86.65,PT56S,2026-06-18T19:00:01Z,https://youtube.com/watch?v=9YMliJsn4uA
2026-06-24 10:37 UTC,fantastic butterfly trend📈#trending #transition #2026 #shorts #butterfly #instagram #new #viral,khushijiedits,2259990,30000,75.33,PT28S,2026-06-12T15:30:20Z,https://youtube.com/watch?v=TY73ohe5Kl4
2026-06-24 10:37 UTC,🤯 Mind-blowing moment! #shorts #viral #trending #fyp #youtube #explore #reels #ytshort,Daily Fact Reactor,6250,26,62.5,PT28S,2026-06-22T02:12:37Z,https://youtube.com/watch?v=LbnehWL7K50
2026-06-24 10:37 UTC,YOU CAN EAT THEM! ☠️ - Backrooms Edit | fragment (super slowed) | #backrooms #edit #shorts,Grandpa's Editz,253124,4210,60.12,PT33S,2026-06-16T15:00:19Z,https://youtube.com/watch?v=OKZw6FlqCDI
2026-06-24 10:37 UTC,🧟 Zombie outbreak! 😱 Heroes vs zombie virus! Who will survive? Watch till the end! 🔥,Zombie Toon Aia ,113055,2800,40.38,PT17S,2026-06-15T23:09:23Z,https://youtube.com/watch?v=ds2ODDe5YG0
2026-06-24 10:37 UTC,Captain Clark Edit 2 (Backrooms Movie) | BAD ENDING FUNK,slimetree ୨୧,751139,21500,34.94,PT21S,2026-06-12T20:00:06Z,https://youtube.com/watch?v=erq8n7q4omU
2026-06-24 10:37 UTC,Jab Poora Thailand Zombies Ke Jhapet Mein Aa Gaya - ( ZIAM 2025 Zombie Movie Explained In Hindi/urdu,Filmy Yum,146370,6120,23.92,PT23M28S,2026-06-10T12:00:04Z,https://youtube.com/watch?v=6k--KOGtT2U
2026-06-24 10:37 UTC,Screams in Seoul | WE ARE LEGEND: KOREA | Full Movie (4K) I AM LEGEND 2,Movie Timelapse,122662,5430,22.59,PT19M42S,2026-06-11T17:51:57Z,https://youtube.com/watch?v=Boq8L1P3_2s
2026-06-24 10:37 UTC,old song transition reel 🤍✨️#dharashiv #india #viral #viralshorts #supportme,Vlogswithsakshi@20,2114,16,21.14,PT18S,2026-06-11T15:20:28Z,https://youtube.com/watch?v=W2Ag-7ocEds
2026-06-24 10:37 UTC,🤯 The Most Satisfying Painting Transition Ever!  #shorts #painting,Memory Makers,2007,56,20.07,PT32S,2026-06-23T06:56:17Z,https://youtube.com/watch?v=kAtbuisVxSE
2026-06-24 10:37 UTC,Silent Dance Party vs. Giant Syringe #backrooms #weirdcore,Mindverse Studios,10182,509,20.0,PT29S,2026-06-17T20:53:07Z,https://youtube.com/watch?v=LmQ-4jQPDtM
2026-06-24 10:37 UTC,The smoothest transition!!!🫀👏🏻@TheBaddiaee #memes#contentcreator,_𝐁𝐀𝐃𝐃𝐈𝐄𝐄_,30898,1890,16.35,PT10S,2026-06-18T07:57:40Z,https://youtube.com/watch?v=iEh1A_eBweI
2026-06-24 10:37 UTC,The Last Hope for Humanity Was the Hardest Man to Save | Z Nation #shorts,ZaneWalker,490233,30400,16.13,PT1M,2026-06-21T10:52:45Z,https://youtube.com/watch?v=-6w3bDFm_po
2026-06-24 10:37 UTC,transition reel mandala art#artiat #mandalaart #halfmandala #viral #trending #fyp #like   #subscribe,artist _naina,1546,6,15.46,PT14S,2026-06-11T19:15:21Z,https://youtube.com/watch?v=Z5wuaY3fhPc
2026-06-24 10:37 UTC,Sketch(part 14)#art#drawing#trend#creative#viral#sketch#handmade#shorts#reels#transition,Art_By_Amy_10,1535,84,15.35,PT18S,2026-06-11T07:26:48Z,https://youtube.com/watch?v=C0e-pg5aPIk
2026-06-24 10:37 UTC,If Manchester became a ruin...#postapocalyptic #abandoned #dystopian #timelapse,The Earth Unbound,1522,78,15.22,PT43S,2026-06-13T16:56:09Z,https://youtube.com/watch?v=QHVUcRQ3rQs
2026-06-24 10:37 UTC,When the Sky Turns Red 🔴| Dystopian Sci-fi Episode teaser ‘Larry’,Bizarre Ai Chronicles ,1446,67,14.46,PT1M8S,2026-06-11T11:16:01Z,https://youtube.com/watch?v=S-4iaUU5W6Q
2026-06-24 10:37 UTC,Mind-Blowing AI Video 😍🔥 | Cinematic AI Edit | #shorts #trending #shortfeed,CineHeart AI,1638,117,14.0,PT31S,2026-06-21T12:58:49Z,https://youtube.com/watch?v=z0SMUEKMGZg
2026-06-24 10:37 UTC,Alfa Romeo Giulia Quadrifoglio 952 2016–2026 | #offroad #AlfaRomeo,Cars mods ideas,1308,73,13.08,PT11S,2026-06-14T14:00:09Z,https://youtube.com/watch?v=faktFHd8ELg
2026-06-24 10:37 UTC,Zombie Apocalypse Vehicle Restoration | Abandoned Rusted Car to Ultimate Survival Machine,Restoration HUB,1303,4,13.03,PT31S,2026-06-16T19:48:05Z,https://youtube.com/watch?v=55N1gqdexfo
2026-06-24 10:37 UTC,The Giant and the Deadly Toilet Monster Trap in the Ruined City,voicon,6614,520,12.72,PT8M5S,2026-06-11T10:50:05Z,https://youtube.com/watch?v=rx9VU8PgB3w
2026-06-24 10:37 UTC,Four Survivors Approach the White City | Post-Apocalyptic Sci-Fi Story,Pieter’s Science Fiction AudioBooks,1236,75,12.36,PT1M5S,2026-06-10T12:46:58Z,https://youtube.com/watch?v=kQpwu_LKyuE
2026-06-24 10:37 UTC,"They're aura farming, MIND BLOWING 😱 #reels #shorts #timer #clock #trend #viral",RankTiger,2029,173,11.73,PT51S,2026-06-11T17:00:08Z,https://youtube.com/watch?v=J722FbmBE8A
2026-06-24 10:37 UTC,This Edit Blow your Mind 🤯🔥BMW EDIT BMW CINEMATIC EDIT 4K,MDJ DORENT EDITS ,1382,118,11.71,PT21S,2026-06-22T13:25:14Z,https://youtube.com/watch?v=7tbIddfa1Lc
2026-06-24 10:37 UTC,The Signal From the Ruined CityThey followed the light…but someone was already watching. #movie,Primal Path,1167,52,11.67,PT30S,2026-06-16T15:00:07Z,https://youtube.com/watch?v=1Qv91uK75OM
2026-06-24 10:37 UTC,"""There is no paradise. Wake up.""| Dystopian Sci-fi Short",Bizarre Ai Chronicles ,1094,67,10.94,PT1M11S,2026-06-10T11:41:21Z,https://youtube.com/watch?v=3-dEJABtiVA
2026-06-24 10:37 UTC,"Reborn before doomsday — he awakens cosmic power, hoards global supplies, rules the apocalypse!",Fengyun Short Drama Society,178407,16700,10.68,PT2H7M45S,2026-06-10T18:00:08Z,https://youtube.com/watch?v=A3jDWe5_k_g
2026-06-24 10:37 UTC,Maskara transition reel ft Artist | Mandala Art #transition #mandalaart #viral #shorts #artist,The Making Space,1057,47,10.57,PT18S,2026-06-13T12:30:03Z,https://youtube.com/watch?v=Rfl_X9HomFM
2026-06-24 10:37 UTC,Choru ka gulam ❤ #ytshorts #shorts #trending #reels #cinematic #aesthetic #chorukagulam,Rutika Wagh,757365,72200,10.49,PT14S,2026-06-12T03:33:51Z,https://youtube.com/watch?v=GtAQecByGjQ
2026-06-24 10:37 UTC,purse transition 👜 Reels,Aarti Parmar,993,15,9.93,PT12S,2026-06-15T00:30:35Z,https://youtube.com/watch?v=wdbLDSFSJLk
2026-06-24 10:37 UTC,Cyber Warrior in the Last City #shorts #aivideo #cyberpunk #postapocalyptic #aiart,Наталья Евгеньевна,976,6,9.76,PT29S,2026-06-17T12:35:13Z,https://youtube.com/watch?v=79ARmT9HMUk
2026-06-24 10:37 UTC,End of Broadcast - Sleep Dark Ambient - Post Apocalyptic Atmosphere,Last Signal,745,57,7.45,PT1H2M53S,2026-06-11T17:15:34Z,https://youtube.com/watch?v=VUyO2vPwXhc
2026-06-24 10:37 UTC,The Backrooms | Animated Horror Short Film..,MSD Render,9951,1340,7.43,PT5M19S,2026-06-15T04:30:31Z,https://youtube.com/watch?v=6snvE_A5PkY
2026-06-24 10:37 UTC,Maskara 👁️#makeup #fauxfilter #transformation #transition #creative #shortsfeed #ytshorts #reels,Pihu ki duniya ,1824,261,6.99,PT18S,2026-06-11T16:59:38Z,https://youtube.com/watch?v=37oxT8NT7o8
2026-06-24 10:37 UTC,10 Second Mind Blowing AI Video   Amazing Tech Edit #shorts,ZOVIO TV ,4034,577,6.99,PT9S,2026-06-13T02:35:38Z,https://youtube.com/watch?v=OtAh9C_oU0M
2026-06-24 10:37 UTC,"Died apocalypse, reborn 24h pre-disaster, mind-reads to gather girls, build army, rule apocalypse",Fengyun Short Drama Society,114595,16700,6.86,PT2H28M43S,2026-06-17T18:00:36Z,https://youtube.com/watch?v=IOQMy-0ZjIc
2026-06-24 10:37 UTC,Elderly Fashion Dance • We Are The Late Light | Surreal AI Music Video 4K,Surreal AI,354892,53000,6.7,PT8M35S,2026-06-16T14:10:42Z,https://youtube.com/watch?v=jxanYglRnCY
2026-06-24 10:37 UTC,"Lagi Live Streaming, Tiba-Tiba Dunia Berubah Jadi Neraka Zombie 😱🧟",Santuy Sinema,1095301,165000,6.64,PT2M47S,2026-06-10T13:00:18Z,https://youtube.com/watch?v=Lm7yhDE5T68
2026-06-24 10:37 UTC,Diablo AI Model 6.66,Blair08,608,1,6.08,PT1M12S,2026-06-14T09:31:59Z,https://youtube.com/watch?v=8ZmIFXAq5G8
2026-06-24 10:37 UTC,fantastic butterfly🦋#trending #trendingshorts #transition #2026 #viral #short #butterfly #new,khushijiedits,182453,30000,6.08,PT25S,2026-06-14T15:30:29Z,https://youtube.com/watch?v=56U4b_sjVL4
2026-06-24 10:37 UTC,"Peppa, Daddy pig Jumped in the pool! Peppa Effects Sponsored by Klasky Csupo Effects",IEffects0015,4856,799,6.08,PT2M3S,2026-06-18T13:00:45Z,https://youtube.com/watch?v=INX8XEqpSqM
2026-06-24 10:37 UTC,💖🔥 Sreeleela’s Mind-Blowing Dance Performance#sreeleela​#trending​#viral​#dance​#lovely​#edit​#yt​,Pawan Saini officer,28866,5140,5.62,PT9S,2026-06-12T09:20:18Z,https://youtube.com/watch?v=WYy9X9JQC9M
2026-06-24 10:37 UTC,🪷✨Apsara look🪷✨ finally #transition #apsara #trendingshorts #viral #godessparvati,Monika's Marathi Vlog🎀,2261,411,5.5,PT19S,2026-06-14T18:37:12Z,https://youtube.com/watch?v=wkiNEpr9bKo
2026-06-24 18:22 UTC,Railroad crossings falling into Fish #roblox #railroodcrocing #shorts,FUMIKIRI ZONE,1143575,2360,484.57,PT20S,2026-06-14T00:00:03Z,https://youtube.com/watch?v=R7qDGToGpMw
2026-06-24 18:22 UTC,GIANT BUFFALO CLIMBS A MOMO STAIRCASE! 🐃🥟 | Most Satisfying AI Video Ever! 🤯#shorts #asmr,Crunch & Calm,36082,62,360.82,PT8S,2026-06-12T16:31:16Z,https://youtube.com/watch?v=lIdpngGQ6bo
2026-06-24 18:22 UTC,Backrooms Movie  #backrooms #horror #liminalspace,I'm Flugel,31762,71,317.62,PT31S,2026-06-14T16:00:27Z,https://youtube.com/watch?v=V72Olu9QVj4
2026-06-24 18:22 UTC,"Lakho Zombies Ke Beech Phans Gaye Ye Log, Phir Jo Hua Wo Namumkin Tha | (Movie/Flim explained Hindi)",Filmy sfd,167855,529,317.31,PT22M24S,2026-06-11T14:30:22Z,https://youtube.com/watch?v=PVYpxE8MYwM
2026-06-24 18:22 UTC,🔥 MIND-BLOWING Caught Behind by Shubman Gill! 🤯🏏 | Unbelievable Catch Behind the Stumps,Kohli Empire,27674,96,276.74,PT15S,2026-06-14T05:25:34Z,https://youtube.com/watch?v=deIOEF--UCk
2026-06-24 18:22 UTC,Zombies Se Bachkar Kahan Jaoge? 🧟| Filmy/Movie Explained in Hindi/Urdu | Movie Story ,Filmy Fire ,62424,254,245.76,PT22M24S,2026-06-13T14:35:12Z,https://youtube.com/watch?v=iQSbRPtRVpY
2026-06-24 18:22 UTC,Backrooms Movie #liminalspace  #horror #backrooms,I'm Flugel,23132,71,231.32,PT48S,2026-06-14T15:45:02Z,https://youtube.com/watch?v=rTcIcVEHcOo
2026-06-24 18:22 UTC,A Little Girl Saved a Alien Robot… Then He Came Back for Her,Ashborn Films,777825,3910,198.93,PT14M22S,2026-06-11T16:43:20Z,https://youtube.com/watch?v=NWe79HR3-hk
2026-06-24 18:22 UTC,The transition we need in our lifes ❤️✌🏻 #mastimoment #reels #shorts #short #shortvideo#shortsfeed,Aatu patel,34429,179,192.34,PT13S,2026-06-11T09:14:32Z,https://youtube.com/watch?v=gBqVFt5Npec
2026-06-24 18:22 UTC,🚪 I Opened The Second Door... | Log #8,Alice Lost,18934,44,189.34,PT19S,2026-06-15T23:00:36Z,https://youtube.com/watch?v=iESoiN4jq6E
2026-06-24 18:22 UTC,🤯 Mind-blowing moment! #shorts #viral #trending #fyp #youtube #explore #reels #ytshort,Daily Fact Reactor,13734,35,137.34,PT16S,2026-06-19T03:30:15Z,https://youtube.com/watch?v=PXSHp57b2SU
2026-06-24 18:22 UTC,Looping the rooms | backrooms movie,Moka!,9363,65,93.63,PT56S,2026-06-18T19:00:01Z,https://youtube.com/watch?v=9YMliJsn4uA
2026-06-24 18:22 UTC,They Had to Buy Everything With Their Lifespan 😱 #movierecap #shortvideo #shorts,Movie World Recap,23431,252,92.98,PT2M21S,2026-06-17T14:00:32Z,https://youtube.com/watch?v=jqDOM8X_dfg
2026-06-24 18:22 UTC,"¿Quién sobrevive a una horda de zombies: la Fruty Fresa, el Esqueleto o el Freaky?#short #shorts #ia",Esqueletosaurio,171048,1940,88.17,PT1M40S,2026-06-10T21:55:34Z,https://youtube.com/watch?v=QjJ31eczHiw
2026-06-24 18:22 UTC,🤯 Mind-blowing moment! #shorts #viral #trending #fyp #youtube #explore #reels #ytshort,Daily Fact Reactor,7874,35,78.74,PT28S,2026-06-22T02:12:37Z,https://youtube.com/watch?v=LbnehWL7K50
2026-06-24 18:22 UTC,fantastic butterfly trend📈#trending #transition #2026 #shorts #butterfly #instagram #new #viral,khushijiedits,2260659,30100,75.1,PT28S,2026-06-12T15:30:20Z,https://youtube.com/watch?v=TY73ohe5Kl4
2026-06-24 18:22 UTC,YOU CAN EAT THEM! ☠️ - Backrooms Edit | fragment (super slowed) | #backrooms #edit #shorts,Grandpa's Editz,259168,4240,61.12,PT33S,2026-06-16T15:00:19Z,https://youtube.com/watch?v=OKZw6FlqCDI
2026-06-24 18:22 UTC,A Zombie Outbreak Turned the Entire World Into Monsters,Movie Maze,41672,838,49.73,PT20M48S,2026-06-17T16:09:50Z,https://youtube.com/watch?v=E3itFnw5Ir0
2026-06-24 18:22 UTC,🧟 Zombie outbreak! 😱 Heroes vs zombie virus! Who will survive? Watch till the end! 🔥,Zombie Toon Aia ,113104,2800,40.39,PT17S,2026-06-15T23:09:23Z,https://youtube.com/watch?v=ds2ODDe5YG0
2026-06-24 18:22 UTC,Captain Clark Edit 2 (Backrooms Movie) | BAD ENDING FUNK,slimetree ୨୧,755663,21700,34.82,PT21S,2026-06-12T20:00:06Z,https://youtube.com/watch?v=erq8n7q4omU
2026-06-24 18:22 UTC,Screams in Seoul | WE ARE LEGEND: KOREA | Full Movie (4K) I AM LEGEND 2,Movie Timelapse,123777,5440,22.75,PT19M42S,2026-06-11T17:51:57Z,https://youtube.com/watch?v=Boq8L1P3_2s
2026-06-24 18:22 UTC,Silent Dance Party vs. Giant Syringe #backrooms #weirdcore,Mindverse Studios,10184,509,20.01,PT29S,2026-06-17T20:53:07Z,https://youtube.com/watch?v=LmQ-4jQPDtM
2026-06-24 18:22 UTC,The Last Hope for Humanity Was the Hardest Man to Save | Z Nation #shorts,ZaneWalker,500344,30400,16.46,PT1M,2026-06-21T10:52:45Z,https://youtube.com/watch?v=-6w3bDFm_po
2026-06-24 18:22 UTC,The smoothest transition!!!🫀👏🏻@TheBaddiaee #memes#contentcreator,_𝐁𝐀𝐃𝐃𝐈𝐄𝐄_,30898,1890,16.35,PT10S,2026-06-18T07:57:40Z,https://youtube.com/watch?v=iEh1A_eBweI
2026-06-24 18:22 UTC,If Manchester became a ruin...#postapocalyptic #abandoned #dystopian #timelapse,The Earth Unbound,1522,78,15.22,PT43S,2026-06-13T16:56:09Z,https://youtube.com/watch?v=QHVUcRQ3rQs
2026-06-24 18:22 UTC,Mind-Blowing AI Video 😍🔥 | Cinematic AI Edit | #shorts #trending #shortfeed,CineHeart AI,1639,118,13.89,PT31S,2026-06-21T12:58:49Z,https://youtube.com/watch?v=z0SMUEKMGZg
2026-06-24 18:22 UTC,Alfa Romeo Giulia Quadrifoglio 952 2016–2026 | #offroad #AlfaRomeo,Cars mods ideas,1308,73,13.08,PT11S,2026-06-14T14:00:09Z,https://youtube.com/watch?v=faktFHd8ELg
2026-06-24 18:22 UTC,Zombie Apocalypse Vehicle Restoration | Abandoned Rusted Car to Ultimate Survival Machine,Restoration HUB,1303,4,13.03,PT31S,2026-06-16T19:48:05Z,https://youtube.com/watch?v=55N1gqdexfo
2026-06-24 18:22 UTC,This Edit Will Blow Your Mind 🤯🔥 #edit #viralvideo #trending #reels #ytshorts #editing#viral,Vibe Master Edit,1298,7,12.98,PT23S,2026-06-18T15:50:13Z,https://youtube.com/watch?v=QR03C2Gx4Lw
2026-06-24 18:22 UTC,The Giant and the Deadly Toilet Monster Trap in the Ruined City,voicon,6669,524,12.73,PT8M5S,2026-06-11T10:50:05Z,https://youtube.com/watch?v=rx9VU8PgB3w
2026-06-24 18:22 UTC,"They're aura farming, MIND BLOWING 😱 #reels #shorts #timer #clock #trend #viral",RankTiger,2029,173,11.73,PT51S,2026-06-11T17:00:08Z,https://youtube.com/watch?v=J722FbmBE8A
2026-06-24 18:22 UTC,The Signal From the Ruined CityThey followed the light…but someone was already watching. #movie,Primal Path,1167,53,11.67,PT30S,2026-06-16T15:00:07Z,https://youtube.com/watch?v=1Qv91uK75OM
2026-06-24 18:22 UTC,This Edit Blow your Mind 🤯🔥BMW EDIT BMW CINEMATIC EDIT 4K,MDJ DORENT EDITS ,1412,121,11.67,PT21S,2026-06-22T13:25:14Z,https://youtube.com/watch?v=7tbIddfa1Lc
2026-06-24 18:22 UTC,ESSE CARA E SURREAL 😱👾#shortvideo #shortsvideo #shorts #short,REELL FILMES🎬,153295,14700,10.43,PT2M,2026-06-23T16:14:42Z,https://youtube.com/watch?v=SCsMiniwovE
2026-06-24 18:22 UTC,Choru ka gulam ❤ #ytshorts #shorts #trending #reels #cinematic #aesthetic #chorukagulam,Rutika Wagh,757466,73500,10.31,PT14S,2026-06-12T03:33:51Z,https://youtube.com/watch?v=GtAQecByGjQ
2026-06-24 18:22 UTC,Cyber Warrior in the Last City #shorts #aivideo #cyberpunk #postapocalyptic #aiart,Наталья Евгеньевна,976,6,9.76,PT29S,2026-06-17T12:35:13Z,https://youtube.com/watch?v=79ARmT9HMUk
2026-06-24 18:22 UTC,The Backrooms | Animated Horror Short Film..,MSD Render,10268,1340,7.66,PT5M19S,2026-06-15T04:30:31Z,https://youtube.com/watch?v=6snvE_A5PkY
2026-06-24 18:22 UTC,End of Broadcast - Sleep Dark Ambient - Post Apocalyptic Atmosphere,Last Signal,746,58,7.46,PT1H2M53S,2026-06-11T17:15:34Z,https://youtube.com/watch?v=VUyO2vPwXhc
2026-06-24 18:22 UTC,"Died apocalypse, reborn 24h pre-disaster, mind-reads to gather girls, build army, rule apocalypse",Fengyun Short Drama Society,117416,16800,6.99,PT2H28M43S,2026-06-17T18:00:36Z,https://youtube.com/watch?v=IOQMy-0ZjIc
2026-06-24 18:22 UTC,10 Second Mind Blowing AI Video   Amazing Tech Edit #shorts,ZOVIO TV ,4034,577,6.99,PT9S,2026-06-13T02:35:38Z,https://youtube.com/watch?v=OtAh9C_oU0M
2026-06-24 18:22 UTC,Elderly Fashion Dance • We Are The Late Light | Surreal AI Music Video 4K,Surreal AI,363126,53200,6.83,PT8M35S,2026-06-16T14:10:42Z,https://youtube.com/watch?v=jxanYglRnCY
2026-06-24 18:22 UTC,fantastic butterfly🦋#trending #trendingshorts #transition #2026 #viral #short #butterfly #new,khushijiedits,184078,30100,6.12,PT25S,2026-06-14T15:30:29Z,https://youtube.com/watch?v=56U4b_sjVL4
2026-06-24 18:22 UTC,"Peppa, Daddy pig Jumped in the pool! Peppa Effects Sponsored by Klasky Csupo Effects",IEffects0015,4891,803,6.09,PT2M3S,2026-06-18T13:00:45Z,https://youtube.com/watch?v=INX8XEqpSqM
2026-06-24 18:22 UTC,💖🔥 Sreeleela’s Mind-Blowing Dance Performance#sreeleela​#trending​#viral​#dance​#lovely​#edit​#yt​,Pawan Saini officer,28877,5150,5.61,PT9S,2026-06-12T09:20:18Z,https://youtube.com/watch?v=WYy9X9JQC9M
2026-06-24 18:22 UTC,🪷✨Apsara look🪷✨ finally #transition #apsara #trendingshorts #viral #godessparvati,Monika's Marathi Vlog🎀,2262,412,5.49,PT19S,2026-06-14T18:37:12Z,https://youtube.com/watch?v=wkiNEpr9bKo
2026-06-25 05:38 UTC,Exploring Together ❤️ | Sister Travel Memories Sisters' Travel Transition Video ✨ |,Pihu Ruhi Tales,25576,267,95.79,PT17S,2026-06-21T12:47:07Z,https://youtube.com/watch?v=O3IK8pvvvWo
2026-06-25 05:38 UTC,The Government Killed All the Zombies But He Secretly Hid His Zombie Daughter ( korean movie),MeloDrama Hindi,97444,1290,75.54,PT26M30S,2026-06-18T14:25:53Z,https://youtube.com/watch?v=kxGnfjjA3qg
2026-06-25 05:38 UTC,Real Art or Retro Video Game? 🎨🎮#art #artwork #shorts #shortvideo #shortsviral #artshorts #history,Deepigma,16552,446,37.11,PT20S,2026-06-23T14:30:23Z,https://youtube.com/watch?v=CHEDiYgqvMY
2026-06-25 05:38 UTC,Surviving in a Fully Stocked Attic During a Zombie Apocalypse,Ghibli Heart Cottage,35582,1130,31.49,PT14M9S,2026-06-18T13:00:24Z,https://youtube.com/watch?v=TOZTp9CE2Eo
2026-06-25 05:38 UTC,VEYRA | She Betrayed Her Mission to Save a Living World | Sci-Fi Full Movie 2026 | 4K,interesting survival stories ,1023,71,10.23,PT9M2S,2026-06-19T18:00:08Z,https://youtube.com/watch?v=xFc3ySYTvWQ
2026-06-25 05:38 UTC,DON'T TRUST YOUR EYES 👀❌ | Mind-Blowing Illusion Edit 🧠⚡ #phonk #arknights #hinglish #edit,kongxtells,984,34,9.84,PT57S,2026-06-23T14:22:17Z,https://youtube.com/watch?v=_n5RHtxl9g0
2026-06-25 05:38 UTC,Dance Mind-Blowing Performance#youtubeshorts  #Shorts#viral#trending#reels,Manjunath_S_Gowda,810,52,8.1,PT18S,2026-06-19T15:39:54Z,https://youtube.com/watch?v=hAp9-jx2taU
2026-06-25 08:37 UTC,Jab Ek Anjaan Virus Ne Sabko Zombie Bana diya ( The Walking Dead S1 ) Movie Explained In Hindi/Urdu ,Filmy Yum,149182,6130,24.34,PT17M1S,2026-06-15T12:00:02Z,https://youtube.com/watch?v=vTUT4LsKpwU
2026-06-25 08:37 UTC,Lost in the Signal 📡 Dark Sci-Fi EBM,U-Art,611,49,6.11,PT1M2S,2026-06-24T12:40:30Z,https://youtube.com/watch?v=vvY4MLQTTbA
2026-06-25 17:22 UTC,WHY I CAN'T LEAVE THE BACKROOMS 😱 #weirdcore #scary #horror #liminalspace,Xotiii3,4836,14,48.36,PT15S,2026-06-16T04:12:22Z,https://youtube.com/watch?v=-WamqNT73XQ
2026-06-25 17:22 UTC,The dream you can't wake up from #dreamcore #weirdcore #liminal,Zelmorax,1884,29,18.84,PT11S,2026-06-16T19:05:10Z,https://youtube.com/watch?v=g97nIQJQRJE
2026-06-25 17:22 UTC,NÃO ESSE CARA E SURREAL ESSA CENA 🎬 NÃO E PRA VOCÊ 🫵😱#shortsvideo #shorts #shortvideo #movie,REELL FILMES🎬,229577,14900,15.41,PT1M38S,2026-06-16T13:31:03Z,https://youtube.com/watch?v=Po74Opm8xds
2026-06-25 17:22 UTC,Schoolrooms (a short film)#backrooms #shortfilm,Jomotion,1159,5,11.59,PT42S,2026-06-15T17:21:35Z,https://youtube.com/watch?v=6Bp5ZXAMUrU
2026-06-25 17:22 UTC,АПОКАЛИПСИС: СУДНЫЙ ДЕНЬ (2026) Трейлер #кино #фантастика #фильм #короткометражныйфильм #film,PPL PICTURES,973,39,9.73,PT2M11S,2026-06-14T11:26:55Z,https://youtube.com/watch?v=j7cnAHoA07U
2026-06-25 17:22 UTC,The Backdoors or Basement. Choose a Door. Part 30 #analoghorror #scary #silenthorror #liminalspaces,Grims Liminal Space,23057,2530,9.11,PT18S,2026-06-25T07:55:03Z,https://youtube.com/watch?v=0kk8cvGeIdQ
2026-06-25 17:22 UTC,"One Small Plant, One Big Hope 🌱✨ | Never Give Up #Shorts #ai #plants #man",Ai Shyam ,504,37,5.04,PT11S,2026-06-22T01:30:00Z,https://youtube.com/watch?v=0Nzdt7SEnB0
2026-06-25 23:02 UTC,Short clip of a still life I Made👻 #stilllife #backrooms #horrorshorts #cgianimation #liminalspace,TMLethalHorror ,37900,15,379.0,PT11S,2026-06-17T04:33:12Z,https://youtube.com/watch?v=OgJgrn3FeWk
2026-06-25 23:02 UTC,Why Are They Wearing Your Clothes? 😨🚪 #backrooms #scary #shorts,Marcus Nightfall,82474,3440,23.98,PT28S,2026-06-15T14:30:06Z,https://youtube.com/watch?v=21Gff2-_LYU
2026-06-25 23:02 UTC,🧟 Zombie attack! 😱 Can Agnes and the Minions survive the outbreak? 🔥🚨,Zombie Toon Aia ,46348,2800,16.55,PT17S,2026-06-16T06:00:14Z,https://youtube.com/watch?v=081S88fVFcM
2026-06-25 23:02 UTC,Paranoia vs Liminal space! #shorts,Confuz,953,32,9.53,PT48S,2026-06-14T13:20:35Z,https://youtube.com/watch?v=pxAKSDK0aqM
2026-06-25 23:02 UTC,Frozen Arm Punishment in Snowpiercer 😱❄️ #shortfilm #movieclips #shorts,SAMIM EXPLANATION,874,20,8.74,PT52S,2026-06-25T00:30:28Z,https://youtube.com/watch?v=H6bXOYdRPGc
2026-06-26 11:20 UTC,Backrooms movie 2 leak | Montagem Uranium |,𝐌𝐀𝐓𝐓𝐘,688291,1900,362.26,PT17S,2026-06-12T19:44:39Z,https://youtube.com/watch?v=vGRpWcLBfz8
2026-06-26 11:20 UTC,Survival Skills: Smart and Helpful #survivalskills #survival #short #shorts #outdoors,Huy Outdoors,637380,57100,11.16,PT26S,2026-06-18T12:02:09Z,https://youtube.com/watch?v=hnsBI9Rj_nY
2026-06-26 11:20 UTC,New Art Reel for you all. // #drawing #art #artistonyoutube #sketch,MR.KALAKAR,1280,132,9.7,PT16S,2026-06-13T08:30:48Z,https://youtube.com/watch?v=hRPtBiC76JY
2026-06-26 11:20 UTC,Transition Alert 🚨 But in Artist Way🎨✨#trending#transition#art #viralvideo#selfobessed#arttransition,𝘼𝙧𝙩𝙞𝙨𝙝𝙞𝙩𝙖,1734,336,5.16,PT29S,2026-06-19T00:30:23Z,https://youtube.com/watch?v=7AqYIsY5zUU
2026-06-26 18:13 UTC,They found us. Run to the bunker! 🤫🚨 #Zombies,"The Survival Vault

",29118,30,291.18,PT16S,2026-06-16T14:30:03Z,https://youtube.com/watch?v=DbxA1Tv54b0
2026-06-26 18:13 UTC,Ghana Kasoota | Transition alert‼️| Transition reels #shorts #transition #viraltransition,Harshita Dharmik,1359,6,13.59,PT24S,2026-06-14T11:30:35Z,https://youtube.com/watch?v=_5IKMfCOIME
2026-06-26 18:13 UTC,The Flooded City — Chapter II,AETHER_AN,1053,9,10.53,PT16S,2026-06-14T22:00:28Z,https://youtube.com/watch?v=Xh6eM62gSvU
2026-06-26 18:13 UTC,😱 This CapCut Effect Will Blow Your Mind!#capcut #videoediting#editing #shorts#reels#viral#vreditsfx,VR EDITS FX,1098,148,7.42,PT16S,2026-06-19T13:30:08Z,https://youtube.com/watch?v=rWpqJ3Pg-jk
2026-06-27 08:07 UTC,The eyes 🤌🏻👀🥹I The creative hub| #reels #art #drawing #newreel #transition #trending #thecreativehub,The creative hub ,1395,96,13.95,PT16S,2026-06-20T15:28:00Z,https://youtube.com/watch?v=YmMitQixzuI
2026-06-27 08:07 UTC,“When Humans Became Pets – Cold War Lost Tape (4K)”,Dr.Steeve,1325,17,13.25,PT16S,2026-06-17T23:20:33Z,https://youtube.com/watch?v=WQLBlI4TWjA
2026-06-27 08:07 UTC,Ju Kyung’s Mind-Blowing Glow Up!✨😍| True Beauty #shorts #truebeauty #edit,𝙎𝙝𝙪𝙫𝙤𝙓𝘿,179940,28900,6.23,PT19S,2026-06-21T11:50:13Z,https://youtube.com/watch?v=bboPNnjANw4
2026-06-27 08:07 UTC,all of us are dead 💀 #short #drama,Bimil-ui Drama,55097,9040,6.09,PT24S,2026-06-26T12:34:31Z,https://youtube.com/watch?v=n3sdHz6VzoY
2026-06-28 08:34 UTC,Amazing Effects That Will Blow Your Mind 🤯 | Satisfying Visual Effects #shorts,AQEEL,1221,21,12.21,PT21S,2026-06-27T03:44:21Z,https://youtube.com/watch?v=b9KvMFPqJME
2026-06-28 14:59 UTC,When a simple walk turns into this #ai #aigc #funny,Nian Nian Funny,41598,79,415.98,PT13S,2026-06-26T06:17:57Z,https://youtube.com/watch?v=aolsx29DSak
2026-06-28 14:59 UTC,This Prison Charges $0.30 You To Use Toilet #shorts #movie #film #moviein60sec,Humble Bhuvi,1136,110,10.33,PT1M35S,2026-06-25T12:29:53Z,https://youtube.com/watch?v=lqKdl28XnB8
2026-06-28 18:57 UTC,Frank .Mavis .Murray 🧟 Zombie outbreak! 😱 Can they survive the infection? Comment the cartoon name?,Zombie Toon Aia ,44496,2810,15.83,PT17S,2026-06-16T23:00:29Z,https://youtube.com/watch?v=fLZmzBCtMl0
2026-06-28 18:57 UTC,Smooth Outfit Transition ✨ | Trending Reel Edit #shorts,Roopa Patil ,1444,10,14.44,PT21S,2026-06-24T09:30:42Z,https://youtube.com/watch?v=XOth-70pKoM
2026-06-29 12:50 UTC,War-Torn City Aftermath | Cinematic Post-Apocalyptic Ruins,"USA Documentary Shorts
",1834,6,18.34,PT11S,2026-06-28T13:13:45Z,https://youtube.com/watch?v=f4c7tnsjU6g
2026-06-29 12:50 UTC,Nature Reclaims a Forgotten War Zone 🌿 #shorts #shortvideo #short #shortsfeed #shortsvideo,"USA Documentary Shorts
",1660,6,16.6,PT11S,2026-06-29T08:44:22Z,https://youtube.com/watch?v=ngfCtwl7xA0
2026-06-29 12:50 UTC,The Soldier and Larry | Episode Promo,Bizarre Ai Chronicles ,1484,67,14.84,PT32S,2026-06-16T18:16:58Z,https://youtube.com/watch?v=fadanVRMjjw
2026-06-29 12:50 UTC,Is Zombie Movie Ki Kahani Ne Poori Duniya Ko Hairan Kar Diya ( my daughter is a zombie 2025 Hindi ),Filmbux,27335,5140,5.32,PT20M2S,2026-06-21T10:15:01Z,https://youtube.com/watch?v=RPLuHcR5400
2026-06-29 12:50 UTC,Chunnari Chunnari Transition 🔥 | Smooth Edit | Trending Reel | Shorts#ytshorts #viral#chunarichunari,LYRICS SANJANA ,34897,6970,5.01,PT8S,2026-06-28T03:14:09Z,https://youtube.com/watch?v=sPOf8ulbwds
2026-06-30 11:29 UTC,mind blowing 📸 #mindset #motivation #selfimprovement #nevergiveup,kitty says,1893,13,18.93,PT8S,2026-06-29T11:03:30Z,https://youtube.com/watch?v=sVCIzZM-DAQ
2026-06-30 11:29 UTC,THE LAST SHARD — Chapter One  Hope Rises    HD 720p,SMS STUDIOS,4151,690,6.02,PT24M2S,2026-06-28T21:46:44Z,https://youtube.com/watch?v=LEtmfgeVnQk
2026-06-30 18:25 UTC,⚠️ #behindyou #horror #liminalspace #shorthorror #horror,Horror short film,15556,5,155.56,PT21S,2026-06-29T08:43:01Z,https://youtube.com/watch?v=D5qsfdxamdI
2026-06-30 18:25 UTC,This Game's Horror Mechanic is INSANE #horrorgame #gamepassion #viral,Ultimate GMod,17206,286,60.16,PT27S,2026-06-29T03:00:04Z,https://youtube.com/watch?v=2bTjfqcWWe8
2026-06-30 18:25 UTC,The Backrooms Above the Clouds | Animated Horror Short Film..,MSD Render,7138,1420,5.03,PT4M51S,2026-06-25T04:30:25Z,https://youtube.com/watch?v=Hm4-i1uPdos
2026-07-01 10:50 UTC,Ek Din Mein Pura Shahar Zombies Main Badal Gaya | Alive 2020 Movie Explained In Hindi/Urdu ,MINEXCORE,192831,1090,176.91,PT34M41S,2026-06-24T14:00:26Z,https://youtube.com/watch?v=LZZBCnjorXA
2026-07-01 10:50 UTC,Scientists Accidentally Started A Zombie Outbreak #movie #film #movieshorts #horror #zombie #shorts,Mr White,27675,158,175.16,PT1M20S,2026-06-24T15:06:28Z,https://youtube.com/watch?v=22sldu_9bXI
2026-07-01 10:50 UTC,🍕 Secret Pizza Portal! I Entered Pizza World 😱🌈 #shorts #bedroom #aivideo #watermelon #funny,Toon Masti TV,14369,25,143.69,PT11S,2026-06-29T12:10:35Z,https://youtube.com/watch?v=04BW3wDqNEg
2026-07-01 10:50 UTC,"One bullet. One zombie down. 💀🔥But across the river, something else is watching... 🐺 #youtubeshorts",Story Bites .1904,23368,242,96.56,PT43S,2026-06-25T14:30:00Z,https://youtube.com/watch?v=WUgaWt2PxIQ
2026-07-01 10:50 UTC,The Forest Project (2026) #edit #horror #liminalspace #backrooms,LSRKB,4440,6,44.4,PT12S,2026-06-28T22:43:58Z,https://youtube.com/watch?v=jKa7Tt5MLJs
2026-07-01 10:50 UTC,"backrooms short - ""time""",HALLWALKER,2716,77,27.16,PT16S,2026-06-23T23:59:59Z,https://youtube.com/watch?v=kp1lkeRLNFw
2026-07-01 10:50 UTC,DEAD SCHOOL – EPISODE 5 SHORT CUT,AI FantasyVerse,15113,599,25.23,PT16S,2026-06-28T13:30:26Z,https://youtube.com/watch?v=mpxG7XdZlKs
2026-07-01 10:50 UTC,Exploring Liminal Spaces in 2000s Cartoons,miian,2335,33,23.35,PT14M12S,2026-06-27T14:53:41Z,https://youtube.com/watch?v=zcmUDUjL8QQ
2026-07-01 10:50 UTC,I Turned Myself Into the Universe 🌌 | Mind-Blowing Cinematic VFX Edit,Anish Babbar,1948,26,19.48,PT11S,2026-06-28T23:52:20Z,https://youtube.com/watch?v=UNOJGDTROG8
2026-07-01 10:50 UTC,Surviving on an Ultra-Cozy Armored Expedition Truck During a Zombie Apocalypse,Dark Zombie Hub,10353,996,10.39,PT14M55S,2026-06-21T13:00:18Z,https://youtube.com/watch?v=B1bjwC9jTr4
2026-07-01 10:50 UTC,The Monster Waiting Inside #edit #fyp #backrooms #captainclark #pirateclark #shorts #viral #scary,Zorm_SciFi,1236,134,9.22,PT58S,2026-06-19T01:17:53Z,https://youtube.com/watch?v=GOXRAI2OfCY
2026-07-01 10:50 UTC,🏙️From Ruins to a High-Tech Megacity#PostApocalyptic #Cinematic #Infrastructure #CityBuilding#shorts,paswanji AI ,829,37,8.29,PT27S,2026-06-30T00:24:30Z,https://youtube.com/watch?v=lN9vFMj9hq8
2026-07-01 10:50 UTC,King Nasir of Backrooms #captainclark #backrooms #edit #dance #fyp #youtubeshorts,GoldenXTRGaming,2156,289,7.46,PT16S,2026-06-29T21:09:11Z,https://youtube.com/watch?v=9K-JKsxPPy8
2026-07-01 10:50 UTC,Backrooms Movie Thoughts,NGCHR9,2897,420,6.9,PT8M13S,2026-06-23T21:16:19Z,https://youtube.com/watch?v=Zdy1HK2qTRY
2026-07-01 10:50 UTC,CAN YOU GUESS THE REAL FACE OF TRALALERO TRALALA IN GARRY'S MOD #garrysmod #zoonomaly #roblox #short,Garry's Verse,23806,4700,5.07,PT19S,2026-06-24T17:03:30Z,https://youtube.com/watch?v=kOmbA8YSRds
2026-07-01 19:14 UTC,😱🔥 Sokar rusty melting short video !! skyline visual shorts #jarexperiment #shortsviral #foryou,Skyline Visual,4720,38,47.2,PT9S,2026-06-29T10:30:02Z,https://youtube.com/watch?v=bRhaGWgZG5c
2026-07-01 19:14 UTC,Amrit Bharat Express Zombie Outbreak | Loco Pilot Horror Story | #amritbharat #train #viral #shorts,ThelaVerse 🌍,237259,8620,27.52,PT31S,2026-06-28T10:47:30Z,https://youtube.com/watch?v=Siu89S1fV5k
2026-07-01 19:14 UTC,⚠️💀wtf??? #horror #behindyou #liminalspace  #shorthorror #horror,Horror short film,1919,10,19.19,PT11S,2026-07-01T00:00:33Z,https://youtube.com/watch?v=jguWeGPvGLs
2026-07-01 19:14 UTC,Backrooms: Lost Found Footage | The Dream Seer,Muhammad Abed Baryal ,1872,14,18.72,PT26S,2026-06-22T14:30:07Z,https://youtube.com/watch?v=YNtO76cMPi4
2026-07-01 19:14 UTC,Top5 Surreal Amusing Comedy Short Video Snippets OnlineTags: #Top5 #FunnyClips #ViralVideos #Laugh,holhd,1575,0,15.75,PT22S,2026-06-29T12:45:05Z,https://youtube.com/watch?v=wjTwaObXEjk
2026-07-01 19:14 UTC,The Backrooms Short Film Coming Soon Here! #backrooms #liminalspace #foundfootage,Suluger Archives,1568,15,15.68,PT39S,2026-06-29T16:00:25Z,https://youtube.com/watch?v=2xCbuk_EDzs
2026-07-01 19:14 UTC,How my renovation turned into a nightmare #backrooms #horror,Curious K,1516,19,15.16,PT29S,2026-06-29T18:37:05Z,https://youtube.com/watch?v=k97ABgHQZvw
2026-07-01 19:14 UTC,for more amazing videos. ❤️#BandageEffect #BandageWrapping #VideoEditing #Reels #TransitionVideo,Danal Atharv,1308,12,13.08,PT12S,2026-06-21T03:52:14Z,https://youtube.com/watch?v=UNLSbWMrZEM
2026-07-01 19:14 UTC,​The Ground Splits Open: Surreal Fire VFX #shortsfeed,Hasan Vai,2706,212,12.76,PT9S,2026-06-19T01:02:07Z,https://youtube.com/watch?v=aTFy-aArr-o
2026-07-01 19:14 UTC,THE DAY THE SUN VANISHED #shorts #cinematic #scifi #future #ai #trending  #animation #viralshorts,VortexAi Studio,1039,19,10.39,PT32S,2026-06-19T14:46:31Z,https://youtube.com/watch?v=J9orUCcxiac
2026-07-01 19:14 UTC,full short film released on my account! #enterthebackrooms #backrooms #horror,Riz Abdillah,1264,133,9.5,PT1M18S,2026-06-20T20:49:53Z,https://youtube.com/watch?v=Z-UR7VIsr_M
2026-07-01 19:14 UTC,You’re stuck between worlds 😶‍🌫️#surreal #fyp#aestheticart #arttherapy#painting#shortvideo #shorts,NSarts,1646,237,6.95,PT22S,2026-06-28T02:54:48Z,https://youtube.com/watch?v=0sKnUmW-ClA
2026-07-02 08:29 UTC,Her Sister Turned Into a ZOMBIE… And This Happened 😱 #viral #drama #shorts,Twixora Tales,195253,2840,68.75,PT1M37S,2026-06-23T03:18:04Z,https://youtube.com/watch?v=i4l3JsQthFw
2026-07-02 08:29 UTC,"In This Sci-Fi World, Life Ends at 30...It Needs a Remake🎬 #Shorts #logansrun #dystopian",The Pop Culture Prof,773,32,7.73,PT1M4S,2026-06-29T14:40:51Z,https://youtube.com/watch?v=_R5n5nRv4T4
2026-07-02 16:18 UTC,Places on earth that don't feel real #naturelovers #subscribe #subscribenow #subscribemychannel,MJ Lofi,23616,566,41.72,PT14S,2026-07-02T07:30:50Z,https://youtube.com/watch?v=qMWwAl-GSqo
2026-07-02 16:18 UTC,COMING SOON HERE ON YT #backrooms #foundfootage #liminalspace,Suluger Archives,1133,21,11.33,PT38S,2026-06-30T16:00:33Z,https://youtube.com/watch?v=xnc_DSBAs18
2026-07-02 16:18 UTC,The Last Train Never Stops | Japanese Liminal Horror,AI Nightmare Archives,848,1,8.48,PT49S,2026-06-24T01:37:23Z,https://youtube.com/watch?v=zwbYzKETvMI
2026-07-02 21:53 UTC,🙅‍♀️ #viralvideo #reels #transition,Rima dass,4204,182,23.1,PT18S,2026-06-27T17:35:18Z,https://youtube.com/watch?v=Wpi_f-Rz6cA
2026-07-02 21:53 UTC,Tu hai Khiladi song art tribute ll part 3 #viral #youtubeshorts #art #subscribe,Das Payel,1524,177,8.61,PT19S,2026-06-24T07:48:27Z,https://youtube.com/watch?v=o6ZHgPw7JtA
2026-07-02 21:53 UTC,# Wait for it 🔥😍|| Transition reels || Parul Thakur #art #sketch #artwork,Creative art star ,1663,202,8.23,PT8S,2026-06-28T00:20:03Z,https://youtube.com/watch?v=CkSMNpoIzQ4
2026-07-02 21:53 UTC,You like it??✨ #trendingshorts #artreveal #transition,Devansh ArtVerse,1411,230,6.13,PT6S,2026-07-01T00:45:18Z,https://youtube.com/watch?v=Z-_U1dE_wf8
2026-07-03 10:16 UTC,The Hungriest Rock Ever 😳,Just Nate,27664,9,276.64,PT9S,2026-07-02T10:00:08Z,https://youtube.com/watch?v=a9phKSOIcuI
2026-07-03 10:16 UTC,SEA MONSTER TOXIC TORNADO MCQUEEN CAR EATER ARMY BIG CITY in Garry's Mod,GMod Madness,234801,8690,27.02,PT21S,2026-06-22T16:00:06Z,https://youtube.com/watch?v=Svt5ClL7usM
2026-07-03 10:16 UTC,"""payphone"" (backrooms short)",HALLWALKER,2119,79,21.19,PT16S,2026-06-26T01:00:18Z,https://youtube.com/watch?v=K-IFNLBlYtY
2026-07-03 10:16 UTC,Parallels… #congratulationsyoudied #film #analoghorror #liminalspace #backrooms #vhs #lostepisode,GKH Sweetpea Productions,1801,77,18.01,PT25S,2026-06-25T22:30:25Z,https://youtube.com/watch?v=VxqgUKxNd-4
2026-07-03 10:16 UTC,Lucid dream ⚠️ #liminalspace #dreamcore #liminalspace #film,Horror short film,1020,11,10.2,PT20S,2026-07-02T03:44:04Z,https://youtube.com/watch?v=u3pmS82yPKY
2026-07-03 10:16 UTC,muskan jhuthi Hai #lyrics aesthetic video #lovehorror #trending #mindblowing #viral #ytshorts #reels,@Anushka,1468,191,7.69,PT26S,2026-06-30T11:47:51Z,https://youtube.com/watch?v=URyCLPCjQus
2026-07-03 17:03 UTC,🔥 Aryan Kelvin Edit 😈 | Mind Blowing Edit by MDBKEDITS #shorts#aryankelvin #trending #viral #shorts,MDBKEDITS,2153,8,21.53,PT41S,2026-07-02T11:40:06Z,https://youtube.com/watch?v=i5z3n7S_C24
2026-07-03 21:45 UTC,Dream logic is actually insane #funny #dreaming #shorts,TheMomentMadness,28257,103,274.34,PT24S,2026-07-02T20:00:09Z,https://youtube.com/watch?v=4RSPUPcAahk
2026-07-03 21:45 UTC,LAST LIGHT EP6 | The Truth About Subject Alpha #shorts,ShortMovies Daily,1571,5,15.71,PT30S,2026-07-03T08:39:36Z,https://youtube.com/watch?v=BVh5qfsJWeg
2026-07-03 21:45 UTC,THE MAZE RUNNER Director: Wes Ball | Genre: Dystopian Sci-Fi Mystery | Action Thriller,Филмы и короткометражка ,1386,14,13.86,PT28S,2026-06-25T15:37:29Z,https://youtube.com/watch?v=Y_jbwKdGXh4
2026-07-03 21:45 UTC,OVERTURE (FOUND FOOTAGE 1986),RJ Films,4065,812,5.01,PT13M9S,2026-06-26T09:50:05Z,https://youtube.com/watch?v=G0j-A0-VgjY
2026-07-04 09:09 UTC,Zombie Virus Aftermath: Denver City Today #zombie #fyp #shorts,Sector44 Zone,512,6,5.12,PT16S,2026-07-03T13:00:14Z,https://youtube.com/watch?v=rlVQYEHFnBU
2026-07-04 15:46 UTC,PASTY feels like a liminal nightmare #denyspole #liminalspace #dreamcore #horror,Denys Pole,1976,11,19.76,PT12S,2026-07-03T07:00:34Z,https://youtube.com/watch?v=qLDIA8E-S3M
2026-07-04 15:46 UTC,Wait for the transition... 🎨✨#ArtTransition #DrawingReel #Painting #Artist #ArtProcess #Creative,Phool Palette,1830,178,10.28,PT7S,2026-06-27T15:30:12Z,https://youtube.com/watch?v=xLpTgbK12zw
2026-07-04 15:46 UTC,These Simple Rules Kept Him Alive Through the Zombie Apocalypse 🧟‍♂️🏃 | #shorts,Quinlan Vale,219191,34000,6.45,PT1M,2026-06-30T13:02:36Z,https://youtube.com/watch?v=POXiWcoM6y4
2026-07-04 15:46 UTC,Why does she look so surreal? 😍✨️ #shorts #shortvideo #nikah #wedding #indianbride,Melodrift🌼,1262950,196000,6.44,PT12S,2026-07-03T12:45:54Z,https://youtube.com/watch?v=-MGGRWGnBzU
2026-07-04 21:16 UTC,Ranking The Best Quince Transition Ever #dress #transition #shorts,RhumioRanks,832317,1100,756.65,PT48S,2026-06-30T16:00:02Z,https://youtube.com/watch?v=AJTZQltbwcg
2026-07-04 21:16 UTC,"The ""Lights Are Off"" Nightmare Compilation (2026 Edition).",pp music gamer ,36245,43,362.45,PT9S,2026-06-29T13:56:32Z,https://youtube.com/watch?v=lzn9afkcTyc
2026-07-04 21:16 UTC,Rough Paper transition ✨ #art#transition#butterfly#shorts#painting#acrylic#viralvideos#trending,Artful Adventures,1121,220,5.1,PT9S,2026-07-04T04:27:03Z,https://youtube.com/watch?v=LG55hZEdnBs
2026-07-05 09:47 UTC,Ye Ladka Akela Fass Gaya Lakho Zombies Ke Beech| Alive Movie Explained in Hindi/Urdu,Explain4youu,291929,3430,85.11,PT21M23S,2026-06-29T10:58:01Z,https://youtube.com/watch?v=OJ_Dz9nEBjs
2026-07-05 09:47 UTC,Ek Din Mein Puri City Zombies Se Bhar Gayi | Alone (2020) Movie Explained In Hindi/Urdu,MINEXCORE,77781,1550,50.18,PT15M33S,2026-06-29T14:00:33Z,https://youtube.com/watch?v=Ptqbxh3Qfns
2026-07-05 09:47 UTC,#creative #crochettop #crocheting #art #reels #shorts,Creative_me,1702,14,17.02,PT19S,2026-06-30T04:24:39Z,https://youtube.com/watch?v=dfAlAcTzmnE
2026-07-05 09:47 UTC,Wall Ke Us Paar Hai Lakhon Zombies | World War Z (2013) Movie Explanation ,FaizFlix,66145,4400,15.03,PT19M37S,2026-06-26T13:45:19Z,https://youtube.com/watch?v=c94gxO_jHCk
2026-07-05 09:47 UTC,5 Mind-Blowing Dark Psychology Tricks You Need To Know! #shorts #PsychologyFacts #DarkPsychology,Techy Facts Yash ,1401,93,14.01,PT35S,2026-06-29T05:44:26Z,https://youtube.com/watch?v=auZ1DP_XnCg
2026-07-05 09:47 UTC,transition video 📸#viral #instragram#punjabisong #lipsing#reel #newsong #tremdingshorts Trendingsong,Realsona,1202,8,12.02,PT19S,2026-06-26T12:21:52Z,https://youtube.com/watch?v=EJgrYXk_L7o
2026-07-05 09:47 UTC,🔥 Epic Transition | Watch Till the End! 😲✨#shorts #shortsfeed #youtubeshorts #travel,Shiv Daily Life,731,60,7.31,PT8S,2026-06-28T03:30:19Z,https://youtube.com/watch?v=A39acUG5RUg
2026-07-05 15:56 UTC,Not Alone: Alien Post-Apocalyptic Sci-Fi Film | Best Shorts Winner,Vireo Productions,93511,1380,67.76,PT16M47S,2026-06-28T17:00:01Z,https://youtube.com/watch?v=Ah6U2BmWcMA
2026-07-05 15:56 UTC,first short for my channel :) #backrooms #liminalspace #nobody #shorts #movie #kanepixels #a24,ARABBACKROOMS ,2423,4,24.23,PT24S,2026-07-01T14:19:21Z,https://youtube.com/watch?v=HOQi-3I2XCI
2026-07-05 15:56 UTC,Snowpiercer: the movie where humanity survives on a train 🚂#Shorts #MovieExplained #Thriller,NiGhTmArE,2031,347,5.85,PT1M59S,2026-07-04T10:05:04Z,https://youtube.com/watch?v=88UZvjOT2uM
2026-07-05 21:37 UTC,The Future of AI: What If Cameras Are Watching Us? 👁️ #ai #scifi #shortfilm,ZenoRift,812,6,8.12,PT35S,2026-07-03T20:30:20Z,https://youtube.com/watch?v=_F-7FQI3Fwo
2026-07-06 14:07 UTC,Ranking The Best Quince Transition Ever #dress #transition #shorts,RhumioRanks,443716,1150,385.84,PT50S,2026-07-01T16:00:31Z,https://youtube.com/watch?v=X0i6Tgi2rAM
2026-07-06 14:07 UTC,She Finally Understood… 💀 - Backrooms Edit | FUNK ABNORMAL (Slowed) | #backrooms #edit #shorts,Grandpa's Editz,269496,6390,42.17,PT26S,2026-06-28T15:00:17Z,https://youtube.com/watch?v=6vHPGsIbezQ
2026-07-06 14:07 UTC,New AI Effects 💫⚡☠️ Mind Blowing Edit | Viral AI Video 2026 #shorts,AI shots only 50k,2301,6,23.01,PT16S,2026-07-05T12:04:17Z,https://youtube.com/watch?v=k0zbj-V_8gA
2026-07-06 14:07 UTC,"🇦🇷Argentina⚽️argentina,football, world cup,argentina transition reel, flag,#viral #football #messi",its.peeku💗,10613,574,18.49,PT38S,2026-06-27T12:18:48Z,https://youtube.com/watch?v=n-vUFT29VTY
2026-07-06 14:07 UTC,New AI Effects 💫⚡☠️ Mind Blowing Edit | Viral AI Video 2026 #shorts,AI shots only 50k,1737,6,17.37,PT16S,2026-07-05T10:11:19Z,https://youtube.com/watch?v=E9DSPsAmuZ0
2026-07-06 14:07 UTC,"Zombie Apocalypse: A Poor Boy Unlocks Godlike Power, Saves the Hottest Beauty and Rules All!",SupremeFate drama,46264,5400,8.57,PT1H58M21S,2026-06-27T18:05:46Z,https://youtube.com/watch?v=oLEhcQCRggU
2026-07-06 14:07 UTC,Puri Duniya Zombie Virus Ki Chapet Mein Aa Gayi | Apocalypse Z Movie Explained in Hindi/Urdu,Filmenic,225522,35900,6.28,PT23M49S,2026-07-01T14:27:36Z,https://youtube.com/watch?v=ObkBF41v-2k
2026-07-06 21:12 UTC,Supermario😱✨#shorts #mario #colors,ToonGalaxy,38512,517,74.49,PT10S,2026-07-02T16:51:41Z,https://youtube.com/watch?v=OI9MQUA86yE
2026-07-06 21:12 UTC,Let's find out where the trypophobia tsunami is heading #garrysmod #gmod #shorts,Duwexs,429746,22000,19.53,PT12S,2026-06-24T11:56:03Z,https://youtube.com/watch?v=vBsXAHFTUz0
2026-07-06 21:12 UTC,Why??? #liminalspace #dreamcore #backrooms,Horror short film,1626,14,16.26,PT7S,2026-07-04T20:39:44Z,https://youtube.com/watch?v=hIyrnilOvqM
2026-07-06 21:12 UTC,Would you explore this place? 👀 #backrooms #foundfootage #liminalspace #horror #shortfilm #fyp,MacWolfFilms,919,93,9.19,PT30S,2026-06-28T13:02:08Z,https://youtube.com/watch?v=ZownPDyfVac
2026-07-06 21:12 UTC,other extrem Parkour vs legend💀 .. .       .. #trollface#edit#phonk#skulledit#Respect#reel#viral,chutiyatroll,695,63,6.95,PT56S,2026-07-03T12:55:44Z,https://youtube.com/watch?v=ujqx33zk_Kw
2026-07-06 21:12 UTC,Driving Through a Post-Apocalyptic Cyberpunk City | AI Generated Cinematic 4KCyberpunk#AI #AIVideo,USA_Short26,630,87,6.3,PT11S,2026-07-05T07:56:28Z,https://youtube.com/watch?v=KCzaF-yacEY
2026-07-06 21:12 UTC,"AFTER HOURS - A ""Backrooms"" Inspired Short Film",JENO,584,46,5.84,PT5M9S,2026-07-04T13:22:52Z,https://youtube.com/watch?v=Fko2ECGpXeY
2026-07-07 19:17 UTC,(Peppa Pig FX) Daddy Pig Dives Without a Splash! 💦😲 | Distorted Parody #Shorts #PeppaPig #Effects,Crazy FX,16706,283,59.03,PT33S,2026-07-05T14:00:15Z,https://youtube.com/watch?v=Zgt8T8Aw05Q
2026-07-07 19:17 UTC,(Peppa Pig FX) What's This?🏝️ It's a Desert Island! 😲 | Distorted Parody #Shorts #PeppaPig #Effects,Crazy FX,6279,283,22.19,PT33S,2026-07-03T17:00:12Z,https://youtube.com/watch?v=qqsDiw7zqeI
2026-07-07 19:17 UTC,places on earth that don't feel real #subscribe #subscribenow #subscribemychannel #nature #viral,MJ Lofi,11388,696,16.36,PT16S,2026-07-05T09:14:38Z,https://youtube.com/watch?v=kxA5_EHhupo
2026-07-08 00:16 UTC,New AI Effects 💫⚡☠️ Mind Blowing Edit | Viral AI Video 2026 #shortsAI effects,AI shots only 50k,1604,11,16.04,PT12S,2026-07-07T08:51:32Z,https://youtube.com/watch?v=_LUJ5uj61No
2026-07-08 00:16 UTC,#shorts #viral #trending #mindblowing #waitforit2 #explore #fyp #india #reels #shock #mustwatch,BMW LOVER PAGE,1229,15,12.29,PT31S,2026-06-28T01:36:20Z,https://youtube.com/watch?v=7tqiv2QIhuo
2026-07-08 00:16 UTC,How the Phone Became our Master! (Parody) | Cyberpunk Sci-Fi Short Film,AI CLIPS1,575,70,5.75,PT5M30S,2026-06-27T13:15:19Z,https://youtube.com/watch?v=u9LvBuwObTU
2026-07-08 00:16 UTC,TIDE OF IRON (2026) | An Original Post-Apocalyptic Sci-Fi Short Film | 4K Cinematic,Origins Studio AI,1479,293,5.05,PT18M51S,2026-06-30T07:57:14Z,https://youtube.com/watch?v=peafTBYv5Q0
2026-07-08 10:37 UTC,luckily survived a zombie apocalypes#viral #film #shorts #shortfilm,flicks tv,87667,366,239.53,PT2M7S,2026-07-03T17:56:41Z,https://youtube.com/watch?v=KieqNZOY7qk
2026-07-08 10:37 UTC,O jaana | Transition reel for your next trip | Transition reel ideas | transition 😉,Jyoti,1602,36,16.02,PT13S,2026-07-05T15:35:08Z,https://youtube.com/watch?v=cjL6uomBpac
2026-07-08 10:37 UTC,Cinematic Flower Field Reel | Dreamy Blue Bloom Transition,Digital Blogger ,1297,33,12.97,PT17S,2026-06-30T13:40:31Z,https://youtube.com/watch?v=VuSMHTieEJI
2026-07-08 10:37 UTC,what eyes 👀Trending Transition Reel | Smooth Transformation Shorts #shorts#trending #transition #fyp,siya rathore ,1060,16,10.6,PT14S,2026-07-05T09:57:11Z,https://youtube.com/watch?v=3vQPYm0Wm_Q
2026-07-08 10:37 UTC,MY DRAWING EDIT 🎨🖌️,SKETCH BY VICKY,1637,182,8.99,PT14S,2026-07-04T06:32:29Z,https://youtube.com/watch?v=Hru7-t6Zj3o
2026-07-08 10:37 UTC,天光 SkyGlow | AI 科幻驚悚微電影 | Sci-Fi Cyberpunk Short Film,Nev AN,675,17,6.75,PT9M34S,2026-07-03T10:00:06Z,https://youtube.com/watch?v=OC_5_4GCHfI
2026-07-08 17:12 UTC,😱Mateo’s Nightmare In Automated Private Jail! Cold Robotic System Exploits Innocent Man For Cash,SceneSnapMedia,5029,5,50.29,PT59S,2026-07-07T10:43:19Z,https://youtube.com/watch?v=arXzebhDL30
2026-07-08 17:12 UTC,Backrooms Movie Explained | Part 1,TheHiddenPlot,3007,23,30.07,PT53S,2026-07-03T16:52:39Z,https://youtube.com/watch?v=89qdQ-D5klc
2026-07-08 17:12 UTC,POV: You entered the Backrooms 💀🚪#backrooms #liminalspaces #foundfootage #dreamcore #backroomslore,The buffed Narrator,1798,190,9.46,PT47S,2026-07-05T01:00:16Z,https://youtube.com/watch?v=JPuM0p_-bFU
2026-07-08 17:12 UTC,transition reel 😁😁 #bollywood #dance #dancehalldance,Creative buddies ,2066,366,5.64,PT11S,2026-06-27T13:06:25Z,https://youtube.com/watch?v=6hvBy3hq01E
2026-07-08 17:12 UTC,"Oliver Tree""Life Goes On"" Hits Different Now🥺🔥||#olivertree #shorts",Akira,350929,68000,5.16,PT29S,2026-06-27T09:27:31Z,https://youtube.com/watch?v=HsgvpwFoeqI
2026-07-08 17:12 UTC,BRO PIKIR DIRINYA KEREN ‼️ #alurceritafilm #shorts,Rekapin,619125,123000,5.03,PT52S,2026-07-04T08:00:04Z,https://youtube.com/watch?v=44EbDS3xxuE
2026-07-08 21:51 UTC,AI Effects Magic 😱⚡ Mind Blowing Transformation | #shorts,AI shots only 50k,1891,11,18.91,PT17S,2026-07-08T00:43:33Z,https://youtube.com/watch?v=F-F6Zj1pfdU
2026-07-08 21:51 UTC,One smooth transition.Infinite views #trending #door transition #viral#cinematic #creative,Sithara's Wonderland,1613,128,12.6,PT17S,2026-07-04T13:11:01Z,https://youtube.com/watch?v=ZPbxMtMshl8
2026-07-08 21:51 UTC,New AI Effects 💫⚡☠️ Mind Blowing Edit | Viral AI Video 2026 #shortsAI,AI shots only 50k,637,11,6.37,PT58S,2026-07-05T11:31:21Z,https://youtube.com/watch?v=39cnOoNwTjs
2026-07-08 21:51 UTC,"His Daughter Turns Into a Zombie — But She Still Dances to Music, So He Refuses to Give Up on Her",Trọng movie,61243,10100,6.06,PT2M7S,2026-07-08T02:24:44Z,https://youtube.com/watch?v=lIYOyBPkmSk
2026-07-08 21:51 UTC,Cupid behind the scenes #surreal #music #artist #breakdown,Evil beanos,73928,14700,5.03,PT12S,2026-07-07T20:00:15Z,https://youtube.com/watch?v=bSQquv1F_xg
2026-07-09 11:26 UTC,Reality Just Glitched! 🤯 | Mind-Blowing VFX #Shorts #editing #viral #trending #ytshorts #viralshorts,Mr Vfx shorts ,26953,21,269.53,PT6S,2026-07-02T03:35:30Z,https://youtube.com/watch?v=FMPHR9Nnz4Y
2026-07-09 11:26 UTC,Reality Just Glitched! 🤯 | Mind-Blowing VFX #Shorts #vfx#viral #trending #ytshorts #fyp #viralshorts,Mr Vfx shorts ,22890,21,228.9,PT6S,2026-07-03T03:35:19Z,https://youtube.com/watch?v=ckgpbvKZTG8
2026-07-09 11:26 UTC,Trapped in the Backrooms ♾️ #shorts,Flux Trailers,8242,26,82.42,PT11S,2026-07-08T12:37:26Z,https://youtube.com/watch?v=n6yIcIRfuf4
2026-07-09 11:26 UTC,Reality Just Glitched! 🤯 | Mind-Blowing VFX #Shorts #vfx #vfxedit #visualeffects #editing,Mr Vfx shorts ,5560,21,55.6,PT6S,2026-07-05T04:35:04Z,https://youtube.com/watch?v=XTdYvynjn5o
2026-07-09 18:28 UTC,#shortvideo DigitalArt #AICreation #Surreal #Midjourney #,ai__hub,1226,6,12.26,PT11S,2026-07-07T11:02:41Z,https://youtube.com/watch?v=6f2DeHg9NFk
2026-07-09 18:28 UTC,Surreal🤌🏻 #shorts #youtubeshorts #shortvideo,Yagyawalk Sharma,1110,66,11.1,PT27S,2026-07-04T15:46:20Z,https://youtube.com/watch?v=YNOwMKs6AKo
2026-07-09 18:28 UTC,places on earth that don't feel real #travel #naturelovers #subscribe #amazingplaces #naturelovers,MJ Lofi,4732,720,6.57,PT24S,2026-07-08T11:18:19Z,https://youtube.com/watch?v=onOS5Gup-Uw
2026-07-10 08:52 UTC,"THE LAST 2,539 | Full Sci-Fi Post-Apocalyptic Movie | Only 2,539 Humans Remain",AI Microdrama,3063,46,30.63,PT29M16S,2026-07-06T11:00:16Z,https://youtube.com/watch?v=hD8BJ77qcaM
2026-07-10 16:37 UTC,FIFA World Cup makeup transition 🇦🇷💙 #shorts,Raksha Subba,8537,413,20.67,PT40S,2026-07-07T05:30:03Z,https://youtube.com/watch?v=dh-BAxAKX3Q
2026-07-10 16:37 UTC,Dans les liminal spaces choisis bien,Zenohorreur ,51879,10200,5.09,PT1M25S,2026-07-04T11:55:56Z,https://youtube.com/watch?v=HK8B0gH2vJQ
2026-07-10 21:39 UTC,🌧️ Surviving Inside an Armored Truck During a Zombie Apocalypse 🚚 | Cozy Survival ASMR,Cozy Survival ASMR,2883,577,5.0,PT13M1S,2026-06-30T10:06:27Z,https://youtube.com/watch?v=_fClWAsmc5M
2026-07-11 07:23 UTC,Wait For The End! | Mind Blowing Edit 🔥 | Viral Shorts #shorts #viral#short #trending#YouTube effect,YouTube Effect,1219,3,12.19,PT27S,2026-07-09T12:00:57Z,https://youtube.com/watch?v=sM3cLttiXP8
2026-07-11 07:23 UTC,ZOMBIES 2.0 Suna Hai? 💀 Colony ☠️ #shorts,HollowHaunts,235675,38900,6.06,PT41S,2026-06-30T13:51:49Z,https://youtube.com/watch?v=mH3ZvNRtMZw
2026-07-11 12:05 UTC,"[Full Dub] Trapped in a Girls' Dormitory After the Zombie Outbreak, My System Changed Everything😶‍🌫️",DramaRush-Hub,44447,3650,12.18,PT1H57M43S,2026-07-07T11:00:35Z,https://youtube.com/watch?v=s0xbMrXPid0
2026-07-11 12:05 UTC,My Humor is officially BROKEN... 💀,Krynthea,92863,17300,5.37,PT26S,2026-07-09T11:30:28Z,https://youtube.com/watch?v=Z_Zp6L7nbmQ
2026-07-11 18:08 UTC,These clips are absolutely hilarious! #Funny #FunnyVideos #Comedy #foryou #fyp #Shorts #shortvideo,순암 박,1927715,79800,24.16,PT47S,2026-07-04T18:00:11Z,https://youtube.com/watch?v=pJ6uk2KltpI
2026-07-12 00:14 UTC,VEINRUNNER: Hidden Protocol Sci-Fi Short Film. Born above the city.She learned to move beneath it.,Hidden Protocol: AI Archive ,1050,64,10.5,PT10M53S,2026-07-07T13:14:52Z,https://youtube.com/watch?v=b1Dm8gCoS4E
2026-07-12 00:14 UTC,SALT LUNG (2026) — A Post-Apocalyptic Sci-Fi Short Film | Drowned World Survival Thriller,Origins Studio AI,1981,317,6.25,PT16M55S,2026-07-10T09:07:22Z,https://youtube.com/watch?v=aqYryS935-E
2026-07-12 09:33 UTC,Poori Dunya me Achanak Zombies phel gye - ( the Rezort Zombie Movie Explained In Hindi/Urdu,Filmy Yum,134452,6550,20.53,PT19M28S,2026-07-06T12:00:23Z,https://youtube.com/watch?v=xi3dZCPIZG4
2026-07-12 09:33 UTC,Smooth Transitions🔥 Aesthetic Video Edit | #ytshorts #shortsfeed #shorts,Ritesh_rox_132,1655,6,16.55,PT31S,2026-07-09T07:44:13Z,https://youtube.com/watch?v=L05gBKJVTik
2026-07-12 15:39 UTC,unreal satisfactory places #subscribemychannel #subscribe #subscribers #channel #creator #sky #magic,MJ Lofi,25999,762,34.12,PT16S,2026-07-09T03:07:30Z,https://youtube.com/watch?v=jPIoEBcrGmA
2026-07-12 15:39 UTC,Mind-Blowing VFX Edit 🤯 You Won't Believe This Transformation! #shorts,VFX American 2.0,1903,0,19.03,PT19S,2026-07-08T14:00:12Z,https://youtube.com/watch?v=NDz32ydE2Bw
2026-07-12 15:39 UTC,Zombie World is Real! 😨 | Future Vlog Hindi | Time Travel #short #vlog,Akash time travel,1090,49,10.9,PT52S,2026-07-12T01:30:14Z,https://youtube.com/watch?v=lCfh74I83ZU
2026-07-12 15:39 UTC,Kalyani remix #trending #transition #kalyaniremix #reels,Rosenna,95523,18500,5.16,PT14S,2026-07-05T04:06:26Z,https://youtube.com/watch?v=M6hHGmrQZPs
2026-07-12 23:38 UTC,From Ordinary to Extraordinary ✨ | Smooth Transition Edit #transition #transitionedit #editing,indu_edits🖤,1480,19,14.8,PT19S,2026-07-08T01:29:09Z,https://youtube.com/watch?v=beVEqxlIqY8
2026-07-12 23:38 UTC,video Editing⚡ Smooth Transition Edit | #shorts #ytshorts,Ritesh_rox_132,1033,6,10.33,PT35S,2026-07-12T08:40:06Z,https://youtube.com/watch?v=2RagXlUE7Cs
2026-07-13 11:43 UTC,Theja💙Niya🤎Devu❤️Arya🩵| UR FAV ONE COMMENT🌝💗✨ #trending #transition #reel #shorts,Pop Editz🎀,305566,10800,28.29,PT51S,2026-07-03T17:17:48Z,https://youtube.com/watch?v=d55zTYRGqMk
2026-07-13 11:43 UTC,SILICON WEST | Post-Apocalyptic AI Western Concept Film,Fable Forge Animation,1835,327,5.61,PT3M17S,2026-07-10T15:00:36Z,https://youtube.com/watch?v=1JPJzd0bt-4
2026-07-13 18:19 UTC,Apna dhyaan bss mujhpe rakho..👀 #shorts #transition #reels #song,Reé,24802,315,78.74,PT15S,2026-07-10T12:12:23Z,https://youtube.com/watch?v=3BHwjA-lyX8
2026-07-13 18:19 UTC,🏚️ Reclaiming The Ruined City From The Dead In Last Shelter War Z!,2D PXO,1077,22,10.77,PT31S,2026-07-13T03:48:32Z,https://youtube.com/watch?v=9TbTTLBczYs
2026-07-13 18:19 UTC,Zombie 🧟 Attack 🦠😱 || fauji ho gye apne desh ke liye shahid || #zombie #viral #comedy #short,ABC Zombie Horror 🧟‍♀️,92555,10100,9.16,PT45S,2026-07-10T00:30:06Z,https://youtube.com/watch?v=weDaHTvdOvA
2026-07-13 18:19 UTC,ONE LAST DAY: Part One | A Sci-Fi Short Film,Lalande Media Production,777,42,7.77,PT20M30S,2026-07-11T01:26:07Z,https://youtube.com/watch?v=OVBejm71hRo
2026-07-13 18:19 UTC,A Shared Bed. A Forbidden Fantasy. A Harsh Truth About Love | Drama Movie,Full Heart Dramas,102429,19200,5.33,PT1H25M58S,2026-07-10T14:00:14Z,https://youtube.com/watch?v=I_JPGOR4b6o
2026-07-13 23:39 UTC,I found something… #backrooms #shortfilm #dreamcore #liminalspace #scary #analoghorror,muddy,1899,75,18.99,PT37S,2026-07-10T02:53:11Z,https://youtube.com/watch?v=5dsRUVawdcQ
2026-07-13 23:39 UTC,Backrooms - 2026 (FOUND FOOTAGE),nvm,653,3,6.53,PT5M39S,2026-07-04T11:55:06Z,https://youtube.com/watch?v=hfFUvqfP-vE
2026-07-13 23:39 UTC,Backrooms Edit #edit #a24 #backrooms #liminalspace,Arthur_Callahan,2488,435,5.72,PT44S,2026-07-13T10:17:55Z,https://youtube.com/watch?v=AG7OuyAjCR0
2026-07-13 23:39 UTC,Chromatic | Dystopian Short Film by Kiana Scrase,kiana scrase,555,26,5.55,PT18M23S,2026-07-11T19:00:36Z,https://youtube.com/watch?v=l6Ux5K6PVdI
2026-07-14 07:24 UTC,Part 4 Cupid behind the scenes #surreal #music #artist #breakdown,Evil beanos,78244,15100,5.18,PT21S,2026-07-11T20:00:26Z,https://youtube.com/watch?v=3OAo0mBXwrY
2026-07-14 12:55 UTC,🤯 Could You Survive A Zombie Apocalypse 🧟⚡,Delulu Diaries,515017,15300,33.66,PT28S,2026-07-07T11:00:03Z,https://youtube.com/watch?v=yqDnJE36wuk
2026-07-14 12:55 UTC,I accidentally turned into a zombie #shorts #movie #film #movierecap,Classic scene,71712,13900,5.16,PT2M55S,2026-07-10T18:45:11Z,https://youtube.com/watch?v=4DAjuq8abZA
2026-07-14 18:48 UTC,🔥 Amazing snake and women VFX Edit 🌳😱 | Mind Blowing VFX Video | #Shorts #ytshorts #snake #village,Dev Creativity Studio,1926,2,19.26,PT10S,2026-07-14T11:08:37Z,https://youtube.com/watch?v=yvjg3PFG2LE
2026-07-14 18:48 UTC,Dil Dooba✨photography transition💕,RUDRA NAYAK VISUALS,1548,97,15.48,PT25S,2026-07-12T10:30:29Z,https://youtube.com/watch?v=88bvqdjJKqw
2026-07-14 18:48 UTC,decorative sheets #viral #shortvideo #trending #vlog #reels #youtubeshorts #youtubecreator #explore,Project studio,1395,34,13.95,PT15S,2026-07-12T05:58:26Z,https://youtube.com/watch?v=dNlqErUv4kA
2026-07-14 18:48 UTC,🔥 Amazing Cut Transition Reel | Smooth Transition Edit #shorts,Doligoutam,1221,41,12.21,PT36S,2026-07-05T07:59:12Z,https://youtube.com/watch?v=LeHbojXmMD8
2026-07-14 18:48 UTC,Cinematic Transition|Jo bhi kasmein #hindisongs #viral #reels #shorts #cinematic #cinema #transition,Torque Vista official,1116,17,11.16,PT17S,2026-07-06T03:13:41Z,https://youtube.com/watch?v=5HxfN0eJbvg
2026-07-14 18:48 UTC,This AI Keyboard Will Blow Your Mind! 🤯⌨️#CapCut #VideoEditing,Shankar Thakur Official,870,12,8.7,PT11S,2026-07-11T08:56:21Z,https://youtube.com/watch?v=VB3ABpTmQY0
2026-07-14 18:48 UTC,Wait for the Phoenix Reveal... 🔥🎨 Blank Page ➜ Phoenix Drawing🔥 Transition @AnimaAditiCreatives723,Anima Aditi Creatives ,1453,232,6.26,PT7S,2026-07-09T07:58:04Z,https://youtube.com/watch?v=WfFtwPo5lIw
2026-07-14 18:48 UTC,🔥 Wait For The Transition! 😍✨ | Smooth Transition Reel,Journey With Dhara,981,186,5.27,PT24S,2026-07-01T08:30:27Z,https://youtube.com/watch?v=DjzXP_f_7LY
2026-07-15 07:30 UTC,"Having Superpowers In This World Makes You A Criminal, Unless You Do This 🤫🔥 #shorts #movierecap",Recap Zoid,1716,89,17.16,PT49S,2026-07-09T18:19:43Z,https://youtube.com/watch?v=ltZVHeytP4I
2026-07-15 07:30 UTC,📢fmotivation #amazingfacts #knowledgeshorts #mindblowing #reels,ΉӨƬ BӨY 👅🥵,1596,6,15.96,PT6S,2026-07-06T06:46:34Z,https://youtube.com/watch?v=7V7laq_Siq4
2026-07-15 07:30 UTC,Mind-Blowing Food Hacks You Need to See! 😲 #kitchenhacks,LifeHack Reacts,1502,32,15.02,PT47S,2026-07-07T11:12:58Z,https://youtube.com/watch?v=47XvivJeJFU
2026-07-15 07:30 UTC,#transition #reels #reelitfeelit #trending #youtubeshorts #viral,TheNeha_G,9288,804,11.55,PT20S,2026-07-06T09:47:35Z,https://youtube.com/watch?v=VIqDj7wu7tg
2026-07-15 15:08 UTC,| There is something off about this place | a mini film |,Kattens miso ,1091,9,10.91,PT40S,2026-07-10T16:27:03Z,https://youtube.com/watch?v=hJ8OhxLYidQ
2026-07-15 21:32 UTC,Mario's Funniest Moment Ever!#funny#recommended#foryoupage,Tuffh,248904,9070,27.44,PT40S,2026-07-04T14:00:32Z,https://youtube.com/watch?v=IHpmuWgJ4tM
2026-07-15 21:32 UTC,"Are We Gonna...? | ""Are you gonna remember this tomorrow?"" | Romance Short Film",Ava Alexiades,723,40,7.23,PT2M15S,2026-07-14T23:08:58Z,https://youtube.com/watch?v=_NaKdAZkGCk
2026-07-16 07:37 UTC,Motu patalu ka kana #vfx #short#video,vfx Mahesh1m,47390,2460,19.26,PT16S,2026-07-13T08:30:25Z,https://youtube.com/watch?v=lYRVC1bR89c
2026-07-16 07:37 UTC,Exploring a Zombie City 🧟 | Survival Travel Vlog in an Abandoned Apocalypse | AI Cinematic Adventure,AI Daily YT,727,24,7.27,PT11S,2026-07-15T04:00:02Z,https://youtube.com/watch?v=QB-OpRZ5ivE
2026-07-16 07:37 UTC,This Car Edit Will Blow Your Mind 🤯🔥,BIKE & CAR EDITER ,721,29,7.21,PT18S,2026-07-04T12:40:24Z,https://youtube.com/watch?v=SIxTyHEXcQ0
2026-07-16 15:19 UTC,The Backrooms - The Reaper's Hall | Animated Horror Short Film,MSD Render,7963,1510,5.27,PT4M24S,2026-07-08T04:30:34Z,https://youtube.com/watch?v=rPk-TJBVHH0
2026-07-16 21:46 UTC,💀⚡ GAJAB KI KHATARNAK #EDITING 🥶🔥 | MIND BLOWING #EDIT 😈💯 #shorts🥶 suscribe👍🏿 #New short 👨🏿‍🏭,Mr_welder_King_1k👍,802,60,8.02,PT29S,2026-07-15T15:00:09Z,https://youtube.com/watch?v=6jYLD6SXpVc
2026-07-17 07:34 UTC,BACKROOMS LEVELS | Found Footage ⚠️ | #backrooms #liminalspace #shorts,MinimalSpaces,85954,3140,27.37,PT21S,2026-07-12T10:28:19Z,https://youtube.com/watch?v=64Rk-R8w3_0
2026-07-17 07:34 UTC,The Rich Escaped to Space... And Left Us With Monsters | AI Sci-Fi Film,home6 Pk66,569,101,5.63,PT5M17S,2026-07-04T17:10:06Z,https://youtube.com/watch?v=l-ohvMo7r_0
2026-07-17 07:34 UTC,Part 1 Cupid behind the scenes #surreal,Evil beanos,77116,15400,5.01,PT24S,2026-07-06T20:00:14Z,https://youtube.com/watch?v=oWiNHRtVbcA
2026-07-17 12:48 UTC,PROJECT ECHO (2026) | Full Sci-Fi Short Film | Humanity's Last Signal,Cinema Horizon,510,5,5.1,PT4M59S,2026-07-09T20:46:47Z,https://youtube.com/watch?v=HZs4yVuf43Y
2026-07-17 23:38 UTC,Average Day in Folk Valley,Supernova_,63874,2520,25.35,PT37S,2026-07-10T17:40:26Z,https://youtube.com/watch?v=TvUBZtjqbSs
2026-07-17 23:38 UTC,how i feel when homer lets the barts out,HLCYR,72960,11400,6.4,PT12S,2026-07-13T00:43:45Z,https://youtube.com/watch?v=s4xiz2e6y9Y
2026-07-18 07:11 UTC,Arabic Transition Alert 🚨✨ | Cinematic Reel | #Shorts #arabicmakeup #arabic #viralshorts,HAPPY LIVING VLOGS,1750,87,17.5,PT11S,2026-07-15T02:41:01Z,https://youtube.com/watch?v=TVlWMRR2sEc
2026-07-18 12:03 UTC,LEAP DAY (Short Film) | Sci-Fi Thriller | Wyoming International Film Festival,Vizionary Visualz X Vizual Insider,951,77,9.51,PT5M48S,2026-07-12T22:56:56Z,https://youtube.com/watch?v=Nb6H-Jxm_sE
2026-07-18 18:09 UTC,New transition reel #art#lord Krishna# drawing # painting #trending#yt shorts,Let's Travel💃,1695,93,16.95,PT15S,2026-07-08T08:03:02Z,https://youtube.com/watch?v=jf1BQPACYlY
2026-07-18 23:38 UTC,When the cartoon becomes reality..✨❤️ #CartoonVsReality #CoupleGoals #ViralTransition #TrendingReels,HaHi Tube,34212,306,111.8,PT10S,2026-07-18T00:30:05Z,https://youtube.com/watch?v=LbKBEq8Z0K0
2026-07-18 23:38 UTC,I Thought the Zombie Apocalypse Was Real… 😱🧟,Climax Recap,37006,480,77.1,PT52S,2026-07-05T19:20:18Z,https://youtube.com/watch?v=blNvFg67PtA
2026-07-18 23:38 UTC,Mind-Blowing AI Video 🤯 | Ultra Realistic AI Animation | Viral AI Edit 2026#AIVideo #AIAnimation,𝕍𝕀𝔻𝔼𝕆 𝔼𝔻𝕀𝕋𝕆ℝ,1253,0,12.53,PT20S,2026-07-18T17:02:17Z,https://youtube.com/watch?v=LU-RH1F0eTs
2026-07-19 07:51 UTC,Surreal Libra (A VIZIONARY TALE) | CASSANDRA STARR,The Vizionary (Chris Correa),16713,163,102.53,PT4M9S,2026-07-17T01:06:58Z,https://youtube.com/watch?v=CzEbEoIpWQY
2026-07-19 07:51 UTC,These TADC Fan Edits are pure chaos! 😂 Thoughts #TADC #TheAmazingDigitalCircus #funny,AIDEN GOING,758068,25400,29.85,PT49S,2026-07-14T08:31:35Z,https://youtube.com/watch?v=9IX-oFiTlqM
2026-07-19 07:51 UTC,Mario's Funniest Moment Ever!#funny#recommended#foryoupage,Tuffh,281473,11000,25.59,PT50S,2026-07-08T14:00:06Z,https://youtube.com/watch?v=FE-tLk_vS3U
2026-07-19 07:51 UTC,That's Not What I Photographed #animation#indieanimation#ghoststory#liminalspace#shortfilm,Anudream_exe,1249,20,12.49,PT46S,2026-07-14T06:53:51Z,https://youtube.com/watch?v=hhB2pu-Pjtw
2026-07-19 07:51 UTC,Mirror man- oc short #ocs #art #weirdcore #dreamcore #liminalspace #jackstauber #animation #fyp,{~Steeles_dragons~} :],1688,141,11.97,PT22S,2026-07-10T08:49:12Z,https://youtube.com/watch?v=c9B099VfvZA
2026-07-19 12:06 UTC,Part 6 Cupid behind the scenes #surreal #music #artist #breakdown,Evil beanos,79331,15800,5.02,PT12S,2026-07-13T20:00:36Z,https://youtube.com/watch?v=VMLfnfMDlx0
2026-07-19 18:11 UTC,Mind-Blowing AI Video 🤯 | Ultra Realistic AI Animation | Viral AI Edit 2026#AIVideo #AIAnimation,Happy Goofy,1839,9,18.39,PT11S,2026-07-19T02:08:30Z,https://youtube.com/watch?v=PLAOjSAPDTI
2026-07-19 18:11 UTC,Part 7 Cupid behind the scenes #surreal #music #artist #breakdown  #skibiditoilet #vrchat,Evil beanos,79135,15800,5.01,PT23S,2026-07-14T20:00:28Z,https://youtube.com/watch?v=Fn_ToJVH174
2026-07-20 12:02 UTC,Your birth month is your BACKROOMS LEVEL ⚠️ | #backrooms #liminalspace #shorts,MinimalSpaces,562208,3610,155.74,PT21S,2026-07-09T08:15:16Z,https://youtube.com/watch?v=Yn3kYLqKkyo
2026-07-20 12:02 UTC,Mind-Blowing Anime VFX Edit 🔥 | Cinematic Effects #3danimation #alphabet #creativedesign,Satyxoya,1155,3,11.55,PT21S,2026-07-19T13:30:23Z,https://youtube.com/watch?v=RYpqZDwLGjY
2026-07-20 12:02 UTC,"Dystopian Society Exposed: No Names, No Freedom",AI Beyond Frames,12487,1740,7.18,PT1M45S,2026-07-12T11:00:10Z,https://youtube.com/watch?v=jS7fvgal26g
2026-07-20 20:13 UTC,Top 5 Mind-Blowing Facts Jo Har Kisi Ko Nahi Pata! 😱 #shorts #facts,Facts Treasures ,1111,155,7.17,PT27S,2026-07-20T05:35:33Z,https://youtube.com/watch?v=tJ6tWI4tr9I
2026-07-20 20:13 UTC,💐 Meri Mummy Nu Pasand Nahin Tu Dance 🤗💙 | Alight Motion Editing#xmlpreset #alightmotion #hindisongs,RETRO DANCE HUB,6530,1050,6.22,PT10S,2026-07-20T02:31:26Z,https://youtube.com/watch?v=jTMHzPQbLn4
2026-07-20 20:13 UTC,The Last Human Ambush Against a Bio-Mechanical Soldier | Sci-Fi Short Film,AI Giant Escape,506,13,5.06,PT5M21S,2026-07-11T01:00:38Z,https://youtube.com/watch?v=IbLCoSthhx8
2026-07-20 20:13 UTC,BEFORE NIGHTFALL | A Man and His Robot Save a Woman From Zombies | Sci-Fi Zombie Film,Neon Toad,46587,9300,5.01,PT17M29S,2026-07-16T15:00:21Z,https://youtube.com/watch?v=X4oinMF1_w4
2026-07-21 00:15 UTC,This Effect will blown your mind 🔥 | Capcut learning | Capcut learning day 2/15.,StromeTuber,1042,12,10.42,PT35S,2026-07-15T10:47:42Z,https://youtube.com/watch?v=pztTtQHUes8
2026-07-21 10:51 UTC,Galti se zombie ka chocklet kha liya 🧟‍♀️#shorts #shortsfeed #zombie #zombieapocalypse,KILLER ZOMBIE,40532,161,251.75,PT40S,2026-07-16T15:41:17Z,https://youtube.com/watch?v=YNXgwU6sSjY
2026-07-21 10:51 UTC,Ek Hi Raat Mein Pura Kingdom Zombie Ban Gaya || Film/Movie Explained Hindi/Urdu.,Scoop Explained,103620,536,193.32,PT24M36S,2026-07-17T03:30:04Z,https://youtube.com/watch?v=T8AuChAFzF0
2026-07-21 10:51 UTC,Roblox Soldier Survives the End of the World... But Something Is Hunting Him! 😱,pixel Tales Short ,826,7,8.26,PT1M19S,2026-07-20T11:59:06Z,https://youtube.com/watch?v=GIcI5VLxZZ0
2026-07-21 16:59 UTC,Transition Alert 🚨✨ Wait till the end... it's worth it! 😍#mehndi#explore#transition #shorts#fyp,afiya.patna.mehndi,1253,31,12.53,PT9S,2026-07-14T17:03:02Z,https://youtube.com/watch?v=y4w2TyD_DA8
2026-07-21 21:45 UTC,😱r u also want mind blowing edit for your photos 😉📈 #bts #viral #edit #cimematic #photography #video,Deveditzx.29,585,5,5.85,PT16S,2026-07-20T20:25:39Z,https://youtube.com/watch?v=9xxEqCi-N1A
2026-07-22 09:18 UTC,Death of Land | S01 | Zombie Short Film (Official),ZoneFam,17195,210,81.88,PT27M18S,2026-07-09T11:30:18Z,https://youtube.com/watch?v=VzYGDl2jKkA
2026-07-22 09:18 UTC,The Movie That Created Liminal Space Horror 40 Years Too Early #ytshorts #shortfilm #scifi #mystery,Ruby Recaps Movies,4599,66,45.99,PT15S,2026-07-18T15:00:47Z,https://youtube.com/watch?v=3ZrYZjlpYaM
2026-07-22 09:18 UTC,In ZOMBIES Ki Sena Se Koi Nhi Bach Sakta | Movie Explained In Hindi\Urdu | Movie Story,Ansuni Films,52547,3670,14.32,PT24M39S,2026-07-17T17:58:59Z,https://youtube.com/watch?v=hpWPRFSPxho
2026-07-22 09:18 UTC,🔥 Anime Reverse Edit | Mind-Blowing Reverse Transition ⚡ 4K,Editverse ,875,30,8.75,PT17S,2026-07-21T17:10:25Z,https://youtube.com/watch?v=WGy01osCShY
2026-07-22 16:21 UTC,The Poolrooms Aren't Empty👁️.( Liminal Space Horror ) #shorts #poolrooms,Flickerrvoid_3D,7165,19,71.65,PT23S,2026-07-21T14:25:30Z,https://youtube.com/watch?v=Mo286Ma5uf4
2026-07-22 16:21 UTC,👀💫transition reel #reel #love,Soni creative 🌸♥️,1289,12,12.89,PT30S,2026-07-16T03:40:39Z,https://youtube.com/watch?v=3B6CRbTUmbg
2026-07-22 16:21 UTC,✨ Watch the magic happen in seconds! 💫#trending #transition #shorts #challenge #viral,Anjali ,1315,152,8.65,PT19S,2026-07-19T06:38:35Z,https://youtube.com/watch?v=n9QbPA4RZDY
2026-07-22 19:25 UTC,🥰❤️ 50 celebs 1 mind-blowing twist Game unka... par jeet aapki - seedha 750 LAKH! Get ready for the,Ronak Chakwali,1171,37,11.71,PT30S,2026-07-18T05:27:21Z,https://youtube.com/watch?v=jM5UtzaU-OI
2026-07-22 22:06 UTC,😨 Insaan Ke Sharir Mein Itne Haath Kaise  😱 Haath Apne Aap Jud Gaye! Aankhon Par Bharosa Nahi Hoga,Raju Khan,29459,166,177.46,PT23S,2026-07-11T07:23:24Z,https://youtube.com/watch?v=wKb4b4DHWzg
2026-07-22 22:06 UTC,🤯☠️danger zone 😧.........#danger,Manish Beats,4830,147,32.86,PT8S,2026-07-10T00:29:33Z,https://youtube.com/watch?v=Dd3d9GMiMTI
2026-07-22 22:06 UTC,ẢO thật đấy  #trithucviet #funny #shortvideo #haihuoc,Tri Thức Việt Chanel,19080,1060,18.0,PT28S,2026-07-20T11:41:22Z,https://youtube.com/watch?v=flalPjVET14
2026-07-23 08:34 UTC,"The Art of Surreal Miniature Cooking: Tiny Chef, Big Ingredients",Vincen1703,26820,916,29.28,PT51S,2026-07-21T12:51:14Z,https://youtube.com/watch?v=Eappv5wj7Mc
2026-07-23 08:34 UTC,🔥 Best Hollywood Movie Scene | Mind Blowing Action 😱 #Shorts #trendingreels #viralvideo #youtubes,SHRWAN prajapat ,1959,230,8.52,PT1M,2026-07-19T03:11:52Z,https://youtube.com/watch?v=K60lQqEm6ho
2026-07-23 11:13 UTC,Anime Transitions in a Physiotherapy Clinic 😂,AlignCure Clinic | Physio & Chiropractic center ,1012,32,10.12,PT23S,2026-07-21T13:00:26Z,https://youtube.com/watch?v=P_dK0uDmmyQ
2026-07-23 14:08 UTC,This AI Edit Will Blow Your Mind! 🔥😱 | Chatgpt edit Image #shorts,TryMan YT,764,4,7.64,PT31S,2026-07-22T02:30:06Z,https://youtube.com/watch?v=YoH36mwG_Sg
2026-07-23 19:22 UTC,ऑक्टोपस गया कढ़ाई मैं #vfx short # viral,vfx Mahesh1m,40041,3280,12.21,PT18S,2026-07-17T08:47:50Z,https://youtube.com/watch?v=sd2_1aJhoUE
2026-07-23 22:07 UTC,zombie invasion 1,aryan ranjan,501,2,5.01,PT11S,2026-07-21T05:51:16Z,https://youtube.com/watch?v=vltiB5BLa2Q
2026-07-24 02:53 UTC,🧟 City Me Zombie Attack! 😱 AI Horror Short | End of Humanity? #shorts,Film and animation ,36078,38,360.78,PT11S,2026-07-13T09:49:50Z,https://youtube.com/watch?v=HuWmao4zDDo
2026-07-24 02:53 UTC,How Do You Survive Zombie Apocalypse 🧟‍♂️,Koko animation ,28622,760,37.66,PT27S,2026-07-19T03:19:40Z,https://youtube.com/watch?v=ae_BSsUlm_w
2026-07-24 02:53 UTC,“आदमी ने बच्ची को बचाने के लिए पूरी ज़ॉम्बी आर्मी खड़ी कर दी”😱#short#viral#trending#explaination,𝗔𝗮𝗱𝗶_𝗘𝘅𝗽𝗹𝗮𝗶𝗻𝗲𝗿,21728,2570,8.45,PT1M33S,2026-07-12T07:30:34Z,https://youtube.com/watch?v=HeYmWW-dhuc
2026-07-24 02:53 UTC,The Last Human on Earth.,American AI Creators,578,27,5.78,PT51S,2026-07-21T16:43:11Z,https://youtube.com/watch?v=Gvc5Xw1oBJU
2026-07-24 08:31 UTC,These Gaming Edits Changed Everything #freefire #freefiremax #editshorts,BULL GAMERS,551,23,5.51,PT23S,2026-07-16T14:58:34Z,https://youtube.com/watch?v=169tBEidNnA
2026-07-24 11:04 UTC,😱 What If Animals Ruled the World? | AI Cinematic Short,Pavan_edits,1895,9,18.95,PT11S,2026-07-18T11:51:30Z,https://youtube.com/watch?v=bkm-JpvMiAQ
2026-07-24 11:04 UTC,✨ EPIC TRANSITION ALERT! 🔥#shorts #youtubeshorts #viral #trending #fyp #ytshorts,Riddhi Raval,1315,80,13.15,PT20S,2026-07-23T12:00:22Z,https://youtube.com/watch?v=wPdf9c8O6vg
2026-07-24 16:44 UTC,😱 What If Animals Ruled the World? | AI Cinematic Short,Pavan_edits,1562,9,15.62,PT11S,2026-07-18T01:33:19Z,https://youtube.com/watch?v=T4JXPPqvnm4
2026-07-24 16:44 UTC,😱End of the world 🌎#shortvideo #shortsfeed #shorts #trendingshorts #viralshorts #explore #ytshorts,𝙈𝙤𝙧𝙖𝙡 𝙨𝙩𝙤𝙧𝙞𝙚𝙨 😲,1424,1,14.24,PT12S,2026-07-19T05:53:34Z,https://youtube.com/watch?v=Ff-PSNnxJ60
2026-07-25 02:52 UTC,She Went Looking For Her Missing Patient Inside a Liminal Space Filled With Monsters,Scene Sift,1163,146,7.97,PT8M25S,2026-07-20T21:43:02Z,https://youtube.com/watch?v=vbIL3Psyukg
2026-07-25 05:45 UTC,🔥 Mind-Blowing Editing 😱 | Cinematic AI Edit 🎬 | Viral Transition Edit #cricket,Shivam gupta ,1138,225,5.06,PT16S,2026-07-24T07:19:36Z,https://youtube.com/watch?v=rbOZIMI6z8Y
2026-07-25 13:40 UTC,🔥 Mind-Blowing AI Edit | Wait For The End 🤯,Edit Spot,1018,110,9.25,PT10S,2026-07-24T01:06:44Z,https://youtube.com/watch?v=ec84peSZTEs
2026-07-25 16:06 UTC,ANDROID HEART | Emotional Cyberpunk AI Movie | Futuristic Sci-Fi Short Film,Crazy Happys,1620,34,16.2,PT21S,2026-07-24T13:40:14Z,https://youtube.com/watch?v=dtnelPOBnt0
2026-07-25 16:06 UTC,Fantasy | Surreal | The Road Still Remembers [AI Music Video],Charles AI Art,5448,522,10.44,PT5M28S,2026-07-15T14:04:45Z,https://youtube.com/watch?v=e2bKa_yVtlc
2026-07-25 16:06 UTC,"The Viral and Surreal ""Little Baby’s Ice Cream""#short#fact#viral#",KD History ,12443,1320,9.43,PT5S,2026-07-13T16:56:39Z,https://youtube.com/watch?v=LMpimyBu6lA
2026-07-25 16:06 UTC,Where the Light Begins • Surreal Dreamscape | AI Music Video 4K,Charles AI Art,3351,522,6.42,PT5M43S,2026-07-19T14:01:00Z,https://youtube.com/watch?v=-lRRE4CJDH8
2026-07-25 19:11 UTC,CARS - McQueen is back on the Track! [Animation] | Sponsored by Klasky Csupo 2001 Effects,Aura Effects,5303,847,6.26,PT3M8S,2026-07-14T13:00:06Z,https://youtube.com/watch?v=o1NDLd0upPA
2026-07-25 19:11 UTC,🔥 This Bullet Edit Will Blow Your Mind 🤯🏍️ #shorts,EB SHORT,23794,4030,5.9,PT11S,2026-07-24T13:43:41Z,https://youtube.com/watch?v=QPaETUZtY_Q
2026-07-25 21:58 UTC,Surviving the zombie outbreak while pregnant #survival #horror #shorts,RE manga,12378,44,123.78,PT54S,2026-07-17T10:40:12Z,https://youtube.com/watch?v=5D0PxS4zEew
2026-07-25 21:58 UTC,ZOMBIE CHOCOLATE VIRUS 🦠#zombie #zombies #shorts #shortvideo #zombieapocalypse #zombiesurvival,Zombie Priyanshu ,29790,638,46.69,PT29S,2026-07-13T15:30:08Z,https://youtube.com/watch?v=qZbpxqc8N_I
2026-07-25 21:58 UTC,😨 She Is Watching You... 👀 #shorts #sfm #gmod,Animetion 360 D,81567,2290,35.62,PT36S,2026-07-17T12:15:14Z,https://youtube.com/watch?v=p5rMhCR-l0U
2026-07-25 21:58 UTC,"Doomsday falls, the zombie king spoils me with food    #foryou #shorts #drama",Kyt Lans,28078,1830,15.34,PT2M34S,2026-07-18T13:02:37Z,https://youtube.com/watch?v=rV1Uo9xaXxk
2026-07-26 03:17 UTC,🛗 Elevator Mujhe Floor 0 Le Gayi... 😨#Shorts #Dreamcore #Mystery #LiminalSpace #AIStory #Suspense,BlueToon,1621,25,16.21,PT39S,2026-07-18T13:30:23Z,https://youtube.com/watch?v=DPNBeaGTkqo
2026-07-26 03:17 UTC,Swapping walls for waterfalls🌿🫶🏼❤️ #youtubeshorts #dance #waterfall,Pooja Kadam,1052,37,10.52,PT12S,2026-07-23T12:55:18Z,https://youtube.com/watch?v=fTYK-d8HfjA
2026-07-26 03:17 UTC,Where are you? - A backrooms short film,Azilite,763,21,7.63,PT9M,2026-07-19T17:38:09Z,https://youtube.com/watch?v=DcwzbauOhIk
2026-07-26 08:30 UTC,Top 3 Unsettling Creepy Backroom Trends #shorts #creepy,TopVenture,89997,2390,37.66,PT25S,2026-07-17T16:20:37Z,https://youtube.com/watch?v=ZQ2p4Sdd4-I
2026-07-26 08:30 UTC,Would You Survive the Poolrooms?👾 (Liminal Space Horror) #shorts #poolrooms,Flickerrvoid_3D,3105,34,31.05,PT34S,2026-07-25T17:33:57Z,https://youtube.com/watch?v=Z34uKNmaIJc
2026-07-26 08:30 UTC,Kalau Aku Berteman dengan Si Pintar Saat Kiamat Zombie. Begini Cara Kami Bertahan Hidup... ☠️🧠,PicatsoTengs,312136,21800,14.32,PT1M26S,2026-07-23T05:18:24Z,https://youtube.com/watch?v=fdKiryIAkvE
2026-07-26 08:30 UTC,This Edit Will Blow Your Mind 🤯🔥 | Hardest Edit Ever | Insane Cinematic Edit #shorts,vertex edit,682,67,6.82,PT43S,2026-07-24T17:07:36Z,https://youtube.com/watch?v=PHSM08MJgWY
2026-07-26 10:46 UTC,This BMW Edit Will Blow Your Mind! 🤯🔥 #Shorts,𝐁𝐞𝐚𝐬𝐭 𝐁𝐌𝐖 𝐄𝐝𝐢𝐭𝐨𝐫,2033,87,20.33,PT14S,2026-07-25T18:48:39Z,https://youtube.com/watch?v=d23qSmUS7Xg
2026-07-26 10:46 UTC,"""It's Only Me 💀"" - Backrooms Edit | Matrix BL Studio Loop (Slowed) | #backrooms #edit #shorts",Grandpa's Editz,107999,7770,13.9,PT34S,2026-07-19T15:00:09Z,https://youtube.com/watch?v=A2d-VfFIAd4
2026-07-26 10:46 UTC,#color #creative #art #gouache #reels #painting #transition #shorts #youtubeshorts #easydrawing,Käsin Loutu ,1251,9,12.51,PT16S,2026-07-21T19:49:59Z,https://youtube.com/watch?v=tIXJGoaZ3S0
2026-07-26 16:03 UTC,yuta okkursu  transition alert ❗️ #anime #art #reel # on you tube #creative ayeza # jujus kaisen, Creative _ayeza ,1047,67,10.47,PT22S,2026-07-17T11:22:59Z,https://youtube.com/watch?v=JLmRN0is5KA
2026-07-26 19:15 UTC,Backrooms 💀 You Can Eat Them #backrooms #movie,Cinema Climax Cuts,423081,1340,315.73,PT35S,2026-07-15T00:00:24Z,https://youtube.com/watch?v=vAaJWhuPz14
2026-07-26 19:15 UTC,🐦 WREN VFX 🤯Mind-Blowing VFX Edit on TIKI TIKI Song! #shorts #vfx #ytshorts #viral #trending #foryou,FRANSIS ABC VFX,1327,40,13.27,PT21S,2026-07-25T12:30:18Z,https://youtube.com/watch?v=JXuW1SVSVxg
2026-07-26 19:15 UTC,A Rebel Mission Across A Ruined Future City | Action Thriller | 4K | 2019 After the Fall of New York,AIM Cinema,4141,730,5.67,PT1H31M48S,2026-07-23T20:00:10Z,https://youtube.com/watch?v=6jpMuEzIs6Y
2026-07-27 03:28 UTC,Elderly Fashion Dance • We Were Gathering Thunder is a Surreal AI Music Video 4K,Ruby Ai Art,7383,536,13.77,PT4M42S,2026-07-25T14:00:10Z,https://youtube.com/watch?v=9DYMy557NMA
2026-07-27 03:28 UTC,FLAG TREND CHALLENGE  🏳️✨ || Cultural Transition Edit 🌍 ||Montagem Unknown (slowed) || #shorts #flag,SachBhaw,34266,5160,6.64,PT25S,2026-07-23T08:05:00Z,https://youtube.com/watch?v=N50prEv-Iwc
2026-07-27 09:57 UTC,🦩LARK VFX 🤯 Mind-Blowing VFX Edit! #shorts #vfx #ytshorts #viral #trending #vfxedit #editing #foryou,FRANSIS ABC VFX,15396,51,153.96,PT22S,2026-07-27T00:30:13Z,https://youtube.com/watch?v=wV5YRd44JPs
2026-07-27 09:57 UTC,She Opened a Secret Bunker in the Jungle… Big Mistake! 🧟,VaultVerse AI,103195,1890,54.6,PT21S,2026-07-16T17:12:11Z,https://youtube.com/watch?v=oyM6rblIM38
2026-07-27 09:57 UTC,#VFX #viral #king #vfx short,vfx Mahesh1m,24235,3420,7.09,PT17S,2026-07-21T05:15:52Z,https://youtube.com/watch?v=3fZZ1Sj1nyA
2026-07-27 14:42 UTC,🔥 Mind-Blowing VFX Edit 😱 Wait For The End! #Shorts #vfx,KTGAME,1084,7,10.84,PT28S,2026-07-27T01:11:46Z,https://youtube.com/watch?v=GrxzDbQS47g
2026-07-27 14:42 UTC,"""This Mercedes Edit Will Blow Your Mind!"" 🤯🔥",yt-car-editz,700,6,7.0,PT11S,2026-07-27T04:30:24Z,https://youtube.com/watch?v=kRlvz5T6F3U
2026-07-27 14:42 UTC,💫 50 celebs. 1 mind-blowing twist.Game #viral #shortsfeed #explore #reels#youtubeshorts #trending,HOTXVIBE,523,10,5.23,PT15S,2026-07-25T03:17:11Z,https://youtube.com/watch?v=IWrWboxrMXo
2026-07-27 14:42 UTC,Transition Alert ♥️🥀#transitionidea #transition #newtransition# shorts #youtubeshorts,amuuu Lifestyle,1619,321,5.04,PT13S,2026-07-23T05:00:11Z,https://youtube.com/watch?v=d66y8DMRals
2026-07-27 17:00 UTC,"In 2036, You Could Buy a Baby... But There Was a Terrifying Catch 😨 #shorts",Us movie's 1 million views,22690,76,226.9,PT1M30S,2026-07-20T16:30:32Z,https://youtube.com/watch?v=WI3bUlFyUvQ
2026-07-27 19:38 UTC,🦎 NEWT VFX 🤯 Mind-Blowing VFX Edit! #shorts #vfx #ytshorts #viral #trending #editing #vfxedit,FRANSIS ABC VFX,1066,51,10.66,PT22S,2026-07-26T12:30:00Z,https://youtube.com/watch?v=8c7pRP0p2Wc
2026-07-27 22:10 UTC,surreal hybrid bird on a mossy #shortvideo #animallife #babyanimal,Real Songs. Real USA,17667,236,74.86,PT11S,2026-07-27T13:41:35Z,https://youtube.com/watch?v=sWZE4gGEn-I
2026-07-27 22:10 UTC,Senior Fashion Dance by the Sea • Somebody Tell the Sun | Surreal AI Music Video 4K,Charles AI Art,3860,759,5.09,PT9M52S,2026-07-24T14:01:56Z,https://youtube.com/watch?v=hnrwtWLfyGw
2026-07-28 02:45 UTC,Apocalypse Survival: Restoring a Rusted Off-Road Monster! #zombie #apocalyps #shorts,Zombie World,527372,610,864.54,PT1M,2026-07-22T08:49:22Z,https://youtube.com/watch?v=TwkidW9rx7U
2026-07-28 05:49 UTC,Ranking The Best Spinning Dress Transition #dresses #transition #shorts,RhumioRanks,26263,1710,15.36,PT43S,2026-07-21T16:00:22Z,https://youtube.com/watch?v=0CgjLsHHoiM
2026-07-28 08:39 UTC,Places On Earth That Don’t Feel Real 😱 #travel #shorts #shortvideo #trending #nature #viral,Rashad Voyages,7363,212,34.73,PT15S,2026-07-27T16:11:04Z,https://youtube.com/watch?v=q_XN-bmXHvE
2026-07-28 08:39 UTC,I tried Transition reel for the first time #explorepage #explore #ytstudio,Miss Ghosh,3103,341,9.1,PT25S,2026-07-24T14:30:24Z,https://youtube.com/watch?v=uUrcJF2mcjs
2026-07-28 11:20 UTC,Where does this path lead? 🌌 Dark Sci-Fi Vibe,U-Art,1166,58,11.66,PT25S,2026-07-22T12:00:20Z,https://youtube.com/watch?v=LKNXfGOkWU8
2026-07-28 14:13 UTC,"Surreal AI Music Video • ""The City Beneath My Skin"" – A Journey Through Forgotten Dreams | 4K",Charles AI Art,4223,829,5.09,PT5M47S,2026-07-21T14:02:23Z,https://youtube.com/watch?v=ogL4chki_ko
2026-07-28 22:06 UTC,MODULE 07 - The Most Secure Prison in the Galaxy | Sci-Fi AI Short Film,Sarah AI Films,514,23,5.14,PT6M23S,2026-07-26T15:42:07Z,https://youtube.com/watch?v=31P5eGBw8TI
2026-07-29 02:52 UTC,⚽🌅 Sky Changes With Every Football Shot! | Mind-Blowing Football Edit 🇺🇸🤽 | #usa #shorts #sky #viral,Prashant 2ll ,2265,27,22.65,PT13S,2026-07-28T13:55:02Z,https://youtube.com/watch?v=qR0RrXDTX6I
2026-07-29 02:52 UTC,Insane VFX Edit 🤯 | Mind-Blowing AI Visual Effects | Cinematic Transformation #shorts,NextEpicLoop,1447,20,14.47,PT21S,2026-07-27T15:10:04Z,https://youtube.com/watch?v=EfuJ5xd4_yY
2026-07-29 11:28 UTC,Poor People Are Forced to Entertain the Rich 😱  #shorts,Us movie's 1 million views,1161,156,7.44,PT2M42S,2026-07-23T16:30:04Z,https://youtube.com/watch?v=INyk8e4o-5s
2026-07-29 14:16 UTC,Places On Earth That Don’t Feel Real 😱 #shorts #shortvideo #trending #travel #nature #viral,Rashad Voyages,12714,459,27.7,PT15S,2026-07-28T14:54:47Z,https://youtube.com/watch?v=c3C_m14U1Jk
2026-07-29 14:16 UTC,"Elysium Was a Warning, Not a Movie #Elysium #Future #SciFi #Shorts",Croco™,971,9,9.71,PT49S,2026-07-29T00:05:41Z,https://youtube.com/watch?v=Ei0ZM6z0x_Q
2026-07-29 19:21 UTC,An hour into 10 seconds but it was worthit though #capcutmasking #canadacontentcreator #creativeedit,Lord Stark,1516,25,15.16,PT10S,2026-07-25T22:24:52Z,https://youtube.com/watch?v=W0hKJARVLE0
2026-07-29 19:21 UTC,3 Dystopian Sci-Fi Movies You Can Watch Again & Again 🤯🔥,The TJ’s Views,1393,47,13.93,PT47S,2026-07-27T15:27:47Z,https://youtube.com/watch?v=CT3VCMvBJQY
2026-07-29 22:03 UTC,BACKROOMS MOVIE LORE | What really happened?,PAULVERSE,1376,274,5.02,PT14M17S,2026-07-25T10:05:44Z,https://youtube.com/watch?v=glHLub53Z7M
2026-07-30 05:43 UTC,The Radiation Changed Him. Now She Has One Shot. | HONOR'S HALF LIFE #shorts,Addict Undead Studios,4695,870,5.4,PT15S,2026-07-27T23:38:13Z,https://youtube.com/watch?v=rtxABjcq3Q4
2026-07-30 08:31 UTC,Places On Earth That Don’t Feel Real 😱 #travel #trending #trendingshorts #shorts #viral #viralvideo,Rashad Voyages,18847,588,32.05,PT15S,2026-07-29T18:57:12Z,https://youtube.com/watch?v=ofVG0uOHrpE
2026-07-30 08:31 UTC,[PeppaFx] The Train Stayed On The Tracks Until THIS Happened! 🚂😨 (Sponsored By Klasky Csupo Effects),ZoomPopEffects,24968,4350,5.74,PT10S,2026-07-28T23:07:36Z,https://youtube.com/watch?v=rDadMc3bsfM
2026-07-30 11:09 UTC,She Was Never There... Until AI Created Her 💔✨ | Mind Blowing AI Edit #trending #youtube #ytshorts,SAGAR EDITING 🔥,1220,4,12.2,PT13S,2026-07-30T02:26:50Z,https://youtube.com/watch?v=MSFQz22Ro5s
2026-07-30 11:09 UTC,Wait for the magic! 🤯🔥​#shorts #transition #trending #viralshorts #editing #creative #mindblowin,EJARUL 10,5152,835,6.17,PT32S,2026-07-28T03:44:45Z,https://youtube.com/watch?v=rdecf6NS9lk
2026-07-30 14:09 UTC,Birthday  Reel | Car Reel | The Dance Kitchen | Transition Reel     #birthdayreels,The Dance Kitchen,33938,306,110.91,PT11S,2026-07-23T16:16:47Z,https://youtube.com/watch?v=VttbeyOMV3g
2026-07-30 14:09 UTC,When The Strongest Interceptors Fail...,Torstii,570479,14000,40.75,PT28S,2026-07-19T11:15:16Z,https://youtube.com/watch?v=OyBVw5-aGW0
2026-07-30 16:37 UTC,Places On Earth That Don’t Feel Real 😱 #travel #shorts #shortvideo #trending #nature,Rashad Voyages,15292,622,24.59,PT15S,2026-07-30T01:07:41Z,https://youtube.com/watch?v=SqtOcw0c280
2026-07-31 03:18 UTC,🍉 Watermelon Paint Tube Transformation 🍉 Surreal AI ASMR | Satisfying Liquid to Watermelon #Shorts,Baby Melody Universe,28395,25,283.95,PT11S,2026-07-28T02:38:00Z,https://youtube.com/watch?v=_YZqP2yLCbU
2026-07-31 03:18 UTC,Jab Ek Virus Ne Puri City Ko Zombies Se Bhar Diya | Quarantine 2 Movie Explained In Hindi/Urdu ,MINEXCORE,162111,3050,53.15,PT19M34S,2026-07-26T14:00:02Z,https://youtube.com/watch?v=5Tc8wkw221U
2026-07-31 03:18 UTC,These two scenes felt similar… #backrooms #clark #architect #surgeon #horror #liminalspace #shorts,MO HALLOWEEN,3325,628,5.29,PT18S,2026-07-28T21:27:28Z,https://youtube.com/watch?v=L9rE_mLgiHs
2026-07-31 08:53 UTC,PURA SEHAR ZOMBIES ME BADAL GAYA! PAR KAISE? (ARMY OF THE Dead movie explanation in Hindi),Filmvox,242966,1980,122.71,PT18M15S,2026-07-24T15:30:31Z,https://youtube.com/watch?v=x2d6393yOuw
2026-07-31 08:53 UTC,😱 Everyone Started Panic Buying... Then the Zombie Virus Hit! | Movie Explained #Shorts🧟#protest,MD NUMAIR,30921,1010,30.61,PT2M27S,2026-07-27T03:30:20Z,https://youtube.com/watch?v=_7Vka3I5j1A
2026-07-31 08:53 UTC,Places On Earth That Don’t Feel Real 😱 #travel #trending #trendingshorts #shorts #shortvideo #viral,Rashad Voyages,18664,648,28.8,PT15S,2026-07-30T18:16:46Z,https://youtube.com/watch?v=gUgsalgiqxY
2026-07-31 08:53 UTC,The Experiment That Created Something Inhuman  Cinematic Sci-Fi Short  Milo&Co,Milo&Co,804,4,8.04,PT1M1S,2026-07-27T19:54:09Z,https://youtube.com/watch?v=Gnxj0dTcDQo
2026-07-31 11:30 UTC,POV: You found an old camera … and the footage was never supposed to be seen.,Specter&shadow,1552,113,13.73,PT18S,2026-07-29T00:58:37Z,https://youtube.com/watch?v=TEdYZiraNsw
2026-07-31 14:14 UTC,Ye Ladka Lakhon Khuni Zombies Ke Beech Akela Phans Gaya | Alone (2020) Explained in Hindi/Urdu,Dadaji Explainer,39769,6790,5.86,PT15M21S,2026-07-27T13:54:34Z,https://youtube.com/watch?v=2tg2Xf44VRo
2026-07-31 16:47 UTC,The City of the Dead: Silent Streets 🧟‍♂️An AI cinematic.,NEXORA AI,932,3,9.32,PT40S,2026-07-30T20:17:10Z,https://youtube.com/watch?v=6HkQFEeIAzU
2026-07-31 19:38 UTC,Zombie Apocalypse Escape,Oye Ayush,526333,60200,8.74,PT30S,2026-07-19T12:28:29Z,https://youtube.com/watch?v=3udKr0hWejo
2026-08-01 03:16 UTC,#sonic #edit,Sonic Pro Editor ,28917,267,108.3,PT16S,2026-07-20T02:49:23Z,https://youtube.com/watch?v=7XNzLgTU_cU
2026-08-01 03:16 UTC,Crazy friend 😅❤ #ytshorts #shorts #trending #reels #cinematic #aesthetic #wpstatus,Rutika Wagh,1425896,103000,13.84,PT14S,2026-07-21T07:26:28Z,https://youtube.com/watch?v=WobRgGhkLMk
2026-08-01 03:16 UTC,The Cyborg Who Saved Orixa | Cyberpunk Sci-Fi Movie,AI CLIPS1,1235,136,9.08,PT6M53S,2026-07-31T18:15:43Z,https://youtube.com/watch?v=02uHhSznMuo
2026-08-01 03:16 UTC,"""Clark Was Losing His Mind 😨💀"" - Backrooms Edit | Matrix BL Studio Loop (Slowed) | #backrooms #edit",Grandpa's Editz,64290,8410,7.64,PT34S,2026-07-22T15:00:14Z,https://youtube.com/watch?v=6CEoPJ3wBfo
2026-08-01 03:16 UTC,#sonic #edit,Sonic Pro Editor ,1537,267,5.76,PT15S,2026-07-19T02:14:00Z,https://youtube.com/watch?v=NwBY1HSc9xE
2026-08-01 08:25 UTC,Places On Earth That Don’t Feel Real 😱 #travel #nature #trending #shorts #viral #viralvideo,Rashad Voyages,16217,741,21.89,PT15S,2026-07-31T15:35:23Z,https://youtube.com/watch?v=TnqvGbWcK1k
2026-08-01 08:25 UTC,The door you choose is your BACKROOMS LEVEL | #backrooms #liminalspace #shorts,MinimalSpaces,38655,5750,6.72,PT36S,2026-07-28T08:26:09Z,https://youtube.com/watch?v=k7xLEQVCTxc
2026-08-01 16:03 UTC,Stagnant World trailer #enterthebackrooms #backrooms #liminalspace,GORDY,1114,58,11.14,PT35S,2026-07-20T16:56:03Z,https://youtube.com/watch?v=VWF5cC1Jv4U
2026-08-02 03:16 UTC,Backrooms Movie - Found Footage (part 2) short,B-Sync,1441,55,14.41,PT32S,2026-08-01T02:00:36Z,https://youtube.com/watch?v=6BMG1b1SJHQ
2026-08-02 08:28 UTC,Poolrooms: Don't Let It See You.👁️ (Liminal Space Horror) #shorts #poolrooms,Flickerrvoid_3D,2159,45,21.59,PT20S,2026-08-01T00:34:02Z,https://youtube.com/watch?v=9KpfGAsxgak
2026-08-02 08:28 UTC,FAKE UTOPIA | The Perfect Preserve (Part 1) - Sci-Fi Short Film #shorts,Sentient Era Habitats,1141,72,11.41,PT38S,2026-08-01T12:39:10Z,https://youtube.com/watch?v=e1TZEXqXl0Q
2026-08-02 08:28 UTC,Ausko piche lage rehna do transition reel  💓🌻🐣#transition #ceo,Saachi Sharma,2157,216,9.99,PT23S,2026-07-27T11:53:00Z,https://youtube.com/watch?v=ixtDHWLWfJc
2026-08-02 10:43 UTC,THE AI ZOO | The Perfect Preserve (Part 1) - Sci-Fi Short Film #shorts,Sentient Era Habitats,1854,72,18.54,PT41S,2026-07-31T12:37:36Z,https://youtube.com/watch?v=XRk-4_VWS08
2026-08-02 10:43 UTC,Sharara Sharara//Mindblowing edit🤯🤯#liyanaveed #1mviewers#unfrezzmyaccount #viralshort#plzsubscribe,Liya Naveed😍😍,1192,152,7.84,PT15S,2026-07-22T13:49:18Z,https://youtube.com/watch?v=9c5dkENHfbM
2026-08-02 13:27 UTC,Giant Girl vs Water Bottle 😱 | Mind-Blowing Giant Size Illusion Challenge! #giant #giantman #bigarms,boltservo,1649,33,16.49,PT8S,2026-08-01T12:40:30Z,https://youtube.com/watch?v=StDh0V1z8GY
2026-08-02 13:27 UTC,Someone is lying | SCARS UNIVERSE #scifi    #dystopian    #shortfilm   #youtubeshorts  #humannature,Scars Cinematic Universe,1352,5,13.52,PT31S,2026-07-31T19:00:12Z,https://youtube.com/watch?v=jSk-q6nCSzA
2026-08-02 16:02 UTC,SURREAL! O Gigante Kudu com Chifres Espirais na Savana! 🦌👑,Jungle Hunted,52665,4890,10.77,PT4S,2026-07-21T13:31:47Z,https://youtube.com/watch?v=HkA9g6_-jpU
2026-08-02 16:02 UTC,Mexico Surrealista,Top Legend,26024,4270,6.09,PT52S,2026-07-26T18:11:19Z,https://youtube.com/watch?v=PtIp5mgbA2U
2026-08-02 19:14 UTC,Watch the full short movie on the related video…,CrashBot,3609,66,36.09,PT22S,2026-07-30T20:00:32Z,https://youtube.com/watch?v=ykOwqGjozJ0
2026-08-02 19:14 UTC,Real vs Reel 😱 | Amazing Cinematic Transition ✨  #shorts,Hani athelete ,1214,90,12.14,PT9S,2026-07-30T03:00:14Z,https://youtube.com/watch?v=JipahvaIkgc
2026-08-02 19:14 UTC,LOOPING THE ROOMS | A (short) Backrooms Movie Edit #backrooms #edit #horror #a24 #kanepixels,Vixian,11716,1550,7.56,PT41S,2026-07-24T17:41:59Z,https://youtube.com/watch?v=RuocOd77y18
2026-08-03 03:18 UTC,Zombies funny video # #zombie #funny #comedy #zombieshorts #viralvideo #funnyvideo #entertainment,ABHISHEK_CREATOR91,213989,18200,11.76,PT28S,2026-07-23T01:36:13Z,https://youtube.com/watch?v=AF9ipZQ5EWA
2026-08-03 03:18 UTC,Backsrooms BTS images #horror #backrooms #liminalspace #behindthescenes,OurFEAR,6443,648,9.94,PT27S,2026-07-30T03:49:17Z,https://youtube.com/watch?v=AOyafgu2J-w
2026-08-03 09:51 UTC,🔥When Water Meets Dark Power 😈💧 | Mind Blowing Edit #shorts📄,Hani athelete ,1414,92,14.14,PT16S,2026-08-02T08:13:39Z,https://youtube.com/watch?v=aIqktFb-M0Q
2026-08-03 14:45 UTC,Year 2226: Humans Pay to Breathe...😱 | Sci-Fi Short Film,PEACEFUL AMOL,756,7,7.56,PT4M54S,2026-07-30T10:23:08Z,https://youtube.com/watch?v=XsnjMwWRX2M
2026-08-03 14:45 UTC,Long Group Reaction To Every Surreal Monster Clip Trending Online,rsdhdhjd,57067,11400,5.01,PT8M42S,2026-07-23T11:30:07Z,https://youtube.com/watch?v=plOQm9Vki2g
2026-08-03 19:41 UTC,Never Open the Red Door at the Hospital... | Psychological Horror Short,Night Whispers,2289,30,22.89,PT36S,2026-08-01T21:13:25Z,https://youtube.com/watch?v=KZCvQ9REwzs
2026-08-03 19:41 UTC,Backrooms Movie - Found Footage,B-Sync,1641,61,16.41,PT20S,2026-07-27T00:00:24Z,https://youtube.com/watch?v=L80S2aAyT10
2026-08-03 19:41 UTC,The ENTIRE Backrooms Lore explained. #shorts,LarpRooms,1126,9,11.26,PT1M1S,2026-07-27T16:00:31Z,https://youtube.com/watch?v=FAh0WZPVj6I
2026-08-04 05:50 UTC,✨ POV: My first transition reel… and I'm just getting started. 🎬🔥From ordinary to unforgettable.,thattsattyy,974,8,9.74,PT24S,2026-07-26T16:27:39Z,https://youtube.com/watch?v=a3ftxvAhWXw
2026-08-04 11:26 UTC,🚀#slowedreverse #reverseedit #viralshorts #editing #shorts #trending #reels #cinematic,Reverse Motion 9070,1257,22,12.57,PT8S,2026-07-31T12:58:42Z,https://youtube.com/watch?v=xvSALrGSJvw
2026-08-04 16:54 UTC,Places On Earth That Don’t Feel Real 😱 #travel #trending #shorts #shortvideo #nature #viralvideo,Rashad Voyages,27662,1060,26.1,PT15S,2026-08-01T19:39:23Z,https://youtube.com/watch?v=uUtmU0FFQdU
2026-08-04 16:54 UTC,Places On Earth That Don’t Feel Real 😱 #travel #shortvideo #shorts #nature #viral #viralvideo,Rashad Voyages,21477,1060,20.26,PT15S,2026-07-31T18:44:34Z,https://youtube.com/watch?v=mI55980Pjn8
2026-08-04 16:54 UTC,Places On Earth That Don’t Feel Real 😱 #trending #trendingshorts #travel #viral #shorts #shortvideo,Rashad Voyages,15682,1060,14.79,PT15S,2026-08-02T19:19:01Z,https://youtube.com/watch?v=dn8wkHg539I
2026-08-05 08:40 UTC,🔥 From Beauty to Fire Demon | Epic Tranformation  | Happy_living_vlogs |  #Burningfacemakeup #fyp,HAPPY LIVING VLOGS,2524,429,5.88,PT18S,2026-07-30T04:30:16Z,https://youtube.com/watch?v=RQub4T11jqI
2026-08-05 11:22 UTC,wait for End ... 😎✨ #bollywood #transition #fyp #love #trending #support #subscribe #song #reels,Mr_Munna ,1622,20,16.22,PT19S,2026-07-29T12:29:06Z,https://youtube.com/watch?v=qCzzPE9tuGg
2026-08-05 11:22 UTC,Wait there is a transition alert ⚠️#asthetic#transition#reel#viral#trending#shorts,Rivi Creative Hub,1268,52,12.68,PT11S,2026-07-31T08:45:17Z,https://youtube.com/watch?v=J7BeZyYpom4
2026-08-05 11:22 UTC,Every step carries a touch of tradition..♥️#reels#shorts#altareels#creative#transition#reels#foryou,Riya ki Duniya 🌝,985,24,9.85,PT26S,2026-07-25T10:08:17Z,https://youtube.com/watch?v=n6nJQcHbeXs
2026-08-05 14:14 UTC,😨 Zombie Virus ने पूरे गांव को बर्बाद कर दिया! | AI Short #shorts #syntheticmedia #shortvideo,Subhash Bhakti Dhara,34149,418,81.7,PT27S,2026-07-26T23:40:12Z,https://youtube.com/watch?v=IZuoTZ-Vc-s
2026-08-05 19:39 UTC,Man Challenged a Giant Gorilla… What Happened Next? 🦍😱,USAQuorix,1311,4,13.11,PT13S,2026-08-04T16:30:13Z,https://youtube.com/watch?v=Vq_wBO4b13w
2026-08-05 19:39 UTC,It's Ok I'm Ok Transition #reels,@riamif_11,2052,360,5.7,PT41S,2026-08-03T16:50:18Z,https://youtube.com/watch?v=bZrAe0N2obQ
2026-08-06 02:47 UTC,DNA REWRITTEN | The Perfect Preserve (Part 1) - Sci-Fi Short Film #shorts,Sentient Era Habitats,1081,73,10.81,PT40S,2026-08-02T00:13:09Z,https://youtube.com/watch?v=kZ2ucudbejA
2026-08-06 08:41 UTC,snapshots of our backrooms short film we've been working on #shortfilm #backrooms,mind fuzz,1464,22,14.64,PT19S,2026-07-30T09:57:44Z,https://youtube.com/watch?v=3VWkooLLlwQ
2026-08-06 08:41 UTC,subscribe/se inscreva #Backrooms #TheBackrooms #Liminal #AnalogHorror #NoClip #liminalspace,Level 0 Files,1135,3,11.35,PT33S,2026-08-02T01:45:25Z,https://youtube.com/watch?v=uLYbKq72mq4
2026-08-06 08:41 UTC,Movie Title: Vivarium (2019) | Sci-fie Psychological Thriller | #fyp #liminalspace #thriller #movie,couchpatataa,995,80,9.95,PT56S,2026-07-24T17:34:18Z,https://youtube.com/watch?v=AuzwEPFVa5I
2026-08-06 14:19 UTC,Zombie 🧟 Attack 🦠😱 || fauji ho gye apne desh ke liye shahid || #zombie #viral #comedy #short,ABC Zombie Horror 🧟‍♀️,270581,12200,22.18,PT42S,2026-07-24T15:05:14Z,https://youtube.com/watch?v=YCKCB97sbgY
2026-08-06 14:19 UTC,transition reel #shorts,Priya's days,1890,7,18.9,PT12S,2026-08-04T11:03:41Z,https://youtube.com/watch?v=AoSBxk6vKnQ
2026-08-06 14:19 UTC,Zombie 🧟 Attack 🦠😱 || fauji ho gye apne desh ke liye shahid || #zombie #viral #comedy #short,ABC Zombie Horror 🧟‍♀️,187758,12200,15.39,PT37S,2026-07-28T15:05:39Z,https://youtube.com/watch?v=DcAmHOIfT94
2026-08-06 14:19 UTC,Zombie 🧟 Attack 🦠😱 || fauji ho gye apne desh ke liye shahid || #zombie #viral #comedy #short,ABC Zombie Horror 🧟‍♀️,183740,12200,15.06,PT49S,2026-07-25T01:07:11Z,https://youtube.com/watch?v=iZrwovCpPKw
2026-08-06 14:19 UTC,Good Thing They Never Made It to the Police Station | Key & Peele S2E6  #shorts #movie,Kip700,110174,10500,10.49,PT44S,2026-08-02T11:30:15Z,https://youtube.com/watch?v=TkOSeCW_3qM
2026-08-06 14:19 UTC,Zombie attack 🧟‍♂️funny short # #zombie #comedy #funny #viralvideo #shortvideo #funnyvideo #shorts,ABHISHEK_CREATOR91,173248,18200,9.52,PT19S,2026-08-02T00:53:36Z,https://youtube.com/watch?v=BgaIuadl7IQ
2026-08-07 00:04 UTC,Places On Earth That Don’t Feel Real 😱 #shorts #shortvideo #trending #trendingshorts #nature #viral,Rashad Voyages,26957,1210,22.28,PT15S,2026-08-05T13:45:13Z,https://youtube.com/watch?v=nxRKzGhCK30
2026-08-07 00:04 UTC,“Pick a Door” Liminal Spaces Compilation #1,Pick&See,915,49,9.15,PT8M27S,2026-07-24T22:15:09Z,https://youtube.com/watch?v=W3AeICmBs6o
2026-08-07 00:04 UTC,#vfx# Short #viarlshort #video #,vfx Mahesh1m,34171,3910,8.74,PT16S,2026-07-30T11:25:46Z,https://youtube.com/watch?v=0ohRs910R88
2026-08-07 04:57 UTC,Places On Earth That Don’t Feel Real 😱 #travel #trendingshorts #shorts #shortvideo #nature #viral,Rashad Voyages,51686,1230,42.02,PT15S,2026-08-02T15:11:27Z,https://youtube.com/watch?v=tJPVjs_WYAA
2026-08-07 07:20 UTC,Places On Earth That Don’t Feel Real 😱 #trending #shorts #shortvideo #travel #viral #viralvideo,Rashad Voyages,31249,1240,25.2,PT15S,2026-08-06T15:20:50Z,https://youtube.com/watch?v=nW_OFC_-Tr4
2026-08-07 10:03 UTC,He Escaped the Zombies… But the Helicopter Wasn’t Safe 😱#shorts,Skellytoonz,26605,328,81.11,PT1M54S,2026-07-31T12:00:03Z,https://youtube.com/watch?v=9rqOA5V_GfU
2026-08-07 10:03 UTC,Places on Earth That Do Not Feel Real 🌍✨ #Shorts,Wander World,25916,4290,6.04,PT20S,2026-08-06T15:15:36Z,https://youtube.com/watch?v=xm4Ngt8yj6Y
2026-08-07 19:01 UTC,"AI Hacks, Tips & Tricks | Mind-Blowing AI Editing Secrets You Must Try! 🚀",Cipher Tech & AI,1024,146,7.01,PT16S,2026-08-06T15:28:57Z,https://youtube.com/watch?v=mezZ6a4MoAY
2026-08-08 01:49 UTC,The 6 FUNNIEST Moments of Chris Colditz 😂 (The #1 is Surreal!),    Elite Rankings,588173,779,755.04,PT23S,2026-07-31T15:00:22Z,https://youtube.com/watch?v=_9Z6zd6BMSw
2026-08-08 01:49 UTC,🔥 Epic Viral Edit 😱 | Mind-Blowing Cinematic Moments 🎬 | Must Watch #Shorts,@Potterr_lover,2570,83,25.7,PT5S,2026-08-07T11:27:59Z,https://youtube.com/watch?v=CCmU4eXVF1Q
2026-08-08 01:49 UTC,Places On Earth That Don’t Feel Real 😱 #shorts #shortvideo #trending #trendingshorts #travel #viral,Rashad Voyages,20149,1270,15.87,PT15S,2026-08-06T19:38:52Z,https://youtube.com/watch?v=nbvOzFEdfdU
2026-08-08 01:49 UTC,Places On Earth That Don’t Feel Real 😱 #trendingshorts #shorts #shortvideo #trending #travel #viral,Rashad Voyages,15165,1270,11.94,PT15S,2026-08-04T15:12:36Z,https://youtube.com/watch?v=x9Ar9_J_7vs
2026-08-08 04:12 UTC,#usa #aitrends #2050 #robot #usatrending #aivideo #shortsfeed #viralvideo #trendingshorts #usashorts,USA_AI_TREND🇺🇸,504,1,5.04,PT9S,2026-08-07T12:17:20Z,https://youtube.com/watch?v=btkjm0G1jss
2026-08-08 09:40 UTC,Ranking best makeup transitions #shorts #trending #fyp #explore #makeup #transition #instagram,yayaya,16331,113,144.52,PT1M,2026-08-02T04:28:22Z,https://youtube.com/watch?v=Jta4_wyxqps
2026-08-08 09:40 UTC,Transition reel🩷🧡#ytshorts #ootdguide #trending #viral #fyp #reels #fashion #transition #outfit #yt,Mauli Jain,1342,85,13.42,PT23S,2026-08-03T15:48:31Z,https://youtube.com/watch?v=3h_bQCw6w6A
2026-08-08 12:53 UTC,This is what abstraction feels like in Digital Circus #amazingdigitalcircus #pomni #caine #fnaf,TheSirius,323755,31500,10.28,PT11S,2026-07-28T06:45:06Z,https://youtube.com/watch?v=pWVlhb0XB10
2026-08-08 15:32 UTC,The Underground | Sci-Fi Horror Short Film | #CapCutCREAITE #horror #scifi #shortfilm #animation,MKVLTA,1679,66,16.79,PT28M36S,2026-08-04T05:24:20Z,https://youtube.com/watch?v=mvnqQ_lUJ3g
2026-08-08 15:32 UTC,#Magic #MagicTrick #Amazing #MindBlowing #ViralVideo #MagicVideo #Wow #Reels,Pixel Edit Pro,1074,40,10.74,PT29S,2026-08-07T13:31:11Z,https://youtube.com/watch?v=d8LnrR8ubuE
2026-08-08 15:32 UTC,Escape the Backrooms Death Jumpscare #backrooms #escapethebackrooms #dreamcore #shorts #fyp #liminal,Keltullis,2366,457,5.18,PT28S,2026-08-07T11:22:23Z,https://youtube.com/watch?v=mpUlFdpTc7c
2026-08-08 21:33 UTC,The Last Person on Earth | Sci-Fi Short Film,Causality,103560,18700,5.54,PT12M48S,2026-08-06T21:12:23Z,https://youtube.com/watch?v=v6AByaZr2WA
2026-08-09 01:56 UTC,Ab Duniya Pe Zombie Ka Raaj Hoga | Best zombie movies Explained in Hindi | Filmity ,Filmity ,124165,20200,6.15,PT22M50S,2026-08-03T11:30:08Z,https://youtube.com/watch?v=azwz3em_rkE
2026-08-09 04:19 UTC,Transition Alert ✨ # #reels,shiwi 🍷,1439,112,12.85,PT29S,2026-08-08T03:14:42Z,https://youtube.com/watch?v=YwnooiMXb58
2026-08-09 07:00 UTC,Places On Earth That Don’t Feel Real 😱 #trending #trendingshorts #shorts #viral #viralvideo #nature,Rashad Voyages,24474,1340,18.26,PT15S,2026-08-06T01:30:44Z,https://youtube.com/watch?v=vYa4t70G5Rs
2026-08-09 12:56 UTC,He Fell in Love with a Zombie Girl... 😳,CineNanoTales,173052,22000,7.87,PT1M50S,2026-08-02T19:00:12Z,https://youtube.com/watch?v=3NX1uNM3GTY
2026-08-09 12:56 UTC,Surreal AI Dance Video | Turn the Room Inside Out (4K),Charles AI Art,13755,1940,7.09,PT6M23S,2026-08-03T14:01:07Z,https://youtube.com/watch?v=Ur5CrlSKDTc
2026-08-09 15:34 UTC,The Infected Child Was Waiting... 😱 | Zombie Apocalypse Part 13 #Shorts,Zombie EscapeX,42353,122,347.16,PT11S,2026-08-01T07:26:15Z,https://youtube.com/watch?v=LJubNoKuxis
2026-08-09 15:34 UTC,Places On Earth That Don’t Feel Real 😱 #trending #travel #shorts #shortvideo #trendingshorts #viral,Rashad Voyages,26526,1360,19.5,PT15S,2026-08-07T15:39:48Z,https://youtube.com/watch?v=U_d5jaY8kuE
2026-08-09 15:34 UTC,Places On Earth That Don’t Feel Real 😱 #trending #trendingshorts #shorts #viral #viralvideo #nature,Rashad Voyages,23202,1360,17.06,PT15S,2026-08-08T15:41:02Z,https://youtube.com/watch?v=eAYFPm8NVkM
2026-08-09 18:44 UTC,best transition reel #shorts,Priya's days,1742,7,17.42,PT7S,2026-08-05T11:18:07Z,https://youtube.com/watch?v=KhREjjZRao0
2026-08-10 02:01 UTC,This Dog's Reaction Will Shock You! 😱,USAQuorix,1815,23,18.15,PT13S,2026-08-05T16:30:32Z,https://youtube.com/watch?v=i2M9Ijxyngs
2026-08-10 04:40 UTC,Backrooms- Lost #backroom #backrooms #backroomsfoundfootage #backroomsmystery #liminalspace,NewZone,2210,22,22.1,PT7S,2026-07-31T18:54:55Z,https://youtube.com/watch?v=gM_rfZpDwY4
2026-08-10 04:40 UTC,The Chair.,The Ninth Frame,1962,42,19.62,PT7S,2026-08-03T23:31:35Z,https://youtube.com/watch?v=ELxYfewBtdo
2026-08-10 04:40 UTC,Backrooms found footage. #backrooms #liminalspace #viral #fyp #3danimation #blender #shorts #horror,Liminal Offical account,1094,8,10.94,PT38S,2026-07-27T23:35:01Z,https://youtube.com/watch?v=zhn0VpPvj5M
2026-08-10 04:40 UTC,I Rebuilt a Post-Apocalyptic City From Ruins | Satisfying Miniature DIY Construction Timelapse,Buildaroo Kids,1123,133,8.44,PT59S,2026-08-09T11:27:24Z,https://youtube.com/watch?v=k1ejBVzEYYY
2026-08-10 07:46 UTC,🤯This Ending Will Surprise You!😱,USAQuorix,967,23,9.67,PT16S,2026-08-08T16:30:21Z,https://youtube.com/watch?v=EqutXY67lus
2026-08-10 07:46 UTC,🍉 She Found a Giant Watermelon in a Destroyed City…😱🏚️ #aivideo #behindthescenes #cinematic #aistory,DreamGen Studio ,879,32,8.79,PT9S,2026-08-10T02:59:16Z,https://youtube.com/watch?v=1SWc4WkTfv8
2026-08-10 10:19 UTC,Yamal's Skills Mind-Blowing 🤯🔥 | Football Magic #shorts,Xtream Desire,111612,3830,29.14,PT16S,2026-07-31T13:17:48Z,https://youtube.com/watch?v=ObmrXOYhX-E
2026-08-10 13:14 UTC,"কে বেস্ট ✨❓🤷 A,B,C,D ke best ? New Transition #transition #reels #shorts #trending",Pameli Sarkar ,354029,6890,51.38,PT54S,2026-08-07T10:30:26Z,https://youtube.com/watch?v=SxVDZbnxoVU
2026-08-10 13:14 UTC,Liminal Spaces Loop🌈 - Inspired by Lucky_sus #liminalspace #backrooms,RoX star,2212,93,22.12,PT19S,2026-08-09T21:45:22Z,https://youtube.com/watch?v=El6ochxsqa4
2026-08-10 13:14 UTC,Places On Earth That Don’t Feel Real 😱 #travel #nature #naturelovers #viral #viralvideo,Rashad Voyages,11499,1390,8.27,PT15S,2026-08-09T20:04:37Z,https://youtube.com/watch?v=hfkhs2FK0n8
2026-08-10 16:01 UTC,I Survived the First Day of the Zombie Apocalypse 🧟‍♂️| Cozy Ghibli Animation,Ghibli Soft Stories,19640,521,37.7,PT6M51S,2026-07-30T08:43:45Z,https://youtube.com/watch?v=AC_AndUb93M
2026-08-10 16:01 UTC,Snake se khel rahi thi 🤣 #ytshorts #shorts #trending #reels #cinematic #aesthetic #wpstatus,Rutika Wagh,1479075,103000,14.36,PT16S,2026-07-29T03:08:43Z,https://youtube.com/watch?v=noSxJ6zYKoU
2026-08-10 19:00 UTC,Maa Parwati Makeup Transition 🔱🌸 | Goddess Parvati Transformation | Creative Makeup #shorts,Priyankasinghmakeoverss,6903,743,9.29,PT22S,2026-08-07T09:33:07Z,https://youtube.com/watch?v=CmoVNIAPSUo
2026-08-10 21:44 UTC,"কে বেস্ট ✨❓🤷 A,B,C,D ke best ?New Transition #transition #reels #shorts #trending",Pameli Sarkar ,203362,7320,27.78,PT54S,2026-08-07T03:00:25Z,https://youtube.com/watch?v=9LOs18Vyu_s
2026-08-10 21:44 UTC,When Your Friend Says “I Have a Brilliant Idea” 😂🤣 | Funny Cartoon #Shorts,Nova Edits Video ,1284,17,12.84,PT12S,2026-08-04T16:05:37Z,https://youtube.com/watch?v=1KEFtUBtj5I
2026-08-10 21:44 UTC,Couldn't resist this edit✨ #youtubeshorts #capcut #transition #shortvideo #ruposh #explore #foryou,Just Jasmin IRL,3296,271,12.16,PT15S,2026-08-05T12:00:03Z,https://youtube.com/watch?v=7lGYAqp-fHM
2026-08-10 21:44 UTC,The Truth Always Comes Out | SCARS UNIVERSE #scifi    #dystopian   #youtubeshorts  #shortfilm,Scars Cinematic Universe,1023,6,10.23,PT15S,2026-08-06T19:00:05Z,https://youtube.com/watch?v=SLBXp8X2ENQ
2026-08-11 01:56 UTC,#Dreamcore #EndlessHallway #LiminalSpace #USshirts,Dreamrise,1780,3,17.8,PT36S,2026-08-09T09:14:35Z,https://youtube.com/watch?v=uvuyeoUi4uI
2026-08-11 01:56 UTC,Cursed Thomas Train Rank up Brawlstars #brawlstars #rankup #shorts,Pazzybrawl,618253,53100,11.64,PT28S,2026-07-30T13:48:26Z,https://youtube.com/watch?v=ikCyajNAFfM
2026-08-11 01:56 UTC,This short film is live on YouTube only link on the comments. #shorts,Entertainment Buddy,1047,29,10.47,PT14S,2026-08-05T12:08:39Z,https://youtube.com/watch?v=W_n5DpoTSnk
2026-08-11 01:56 UTC,TREASON PROTOCOL | Cinematic Sci-Fi Short Film Sneak Peek,New_Age_Cinematics,1045,146,7.16,PT39S,2026-08-10T07:13:37Z,https://youtube.com/watch?v=VG2KfpNeMAY
2026-08-11 07:12 UTC,Your age = Your Backrooms level | BACKROOMS | #backrooms #liminalspace #shorts,MinimalSpaces,306222,7760,39.46,PT25S,2026-08-09T04:20:02Z,https://youtube.com/watch?v=hqLYd2ab8-A
2026-08-11 07:12 UTC,The Lost Music| short Ai scifi film series 2026,𝗭𝗲𝘃𝘆 𝗔𝗜 𝗙𝗶𝗹𝗺𝘀,1233,5,12.33,PT35S,2026-08-07T14:20:29Z,https://youtube.com/watch?v=u6y98HkdAsY
2026-08-11 07:12 UTC,[ Gangubai transition ||✨️🔥||  #shorts #gangubai #transition #reels,Bharti_Blog-17,3816,448,8.52,PT20S,2026-08-05T12:30:11Z,https://youtube.com/watch?v=J3Uw8jJDZMY
2026-08-11 07:12 UTC,Mana Tere Piche Laga CEO 😎✨ | Transition Reel 🔥 #ytshorts #viral #trending #transition #reels,Sparsh Gupta ,1871,371,5.04,PT28S,2026-08-06T05:09:31Z,https://youtube.com/watch?v=Uc3ED3ZOVdM
2026-08-11 16:02 UTC,Places On Earth That Don’t Feel Real 😱 #trending #trendingshorts #shortvideo #shorts #viral #nature,Rashad Voyages,28323,1430,19.81,PT15S,2026-08-07T20:19:13Z,https://youtube.com/watch?v=7QZ2hJZ2Sz4
2026-08-11 16:02 UTC,"The Zombie Movie SO Brutal, Even a Baby Isn't Safe! | Dawn of the Dead | Horror Action",Crimson Cinema Classics,84757,10900,7.78,PT1H29M26S,2026-08-09T17:00:10Z,https://youtube.com/watch?v=_ehMi8tRrao
2026-08-11 19:05 UTC,Ultimate Zombie Apocalypse Vehicle Build: Jet-Powered F1 Car! #zombie #zombiesurvival #shorts,Zombie World,2201625,5280,416.97,PT1M,2026-07-31T08:09:49Z,https://youtube.com/watch?v=h-CoDZCUGME
2026-08-11 21:51 UTC,BLADE IV: Return of the Legend | Part 1 🔺 G.D.B.,Rock | Global Deep Beats ,9298,328,28.35,PT3M29S,2026-08-06T21:34:46Z,https://youtube.com/watch?v=uR6EeDJ5Kic
2026-08-11 21:51 UTC,Chandhana❤️Ayisha💛Princy🩶Mrudula💜| Ur fav one comment🌝💗✨ #trending #transition #reel #shorts,Pop Editz🎀,271311,11600,23.39,PT58S,2026-08-02T13:41:34Z,https://youtube.com/watch?v=xbs3_0wAkUE
2026-08-11 21:51 UTC,✨ She Found a Bottle and Created an Entire World Inside It 🏙️🍾 #aivideo #behindthescenes #cinematic,DreamGen Studio ,1396,39,13.96,PT9S,2026-08-10T10:22:11Z,https://youtube.com/watch?v=vKftJSXzkQI
2026-08-12 07:36 UTC,She's Not Afraid of Lava — Laundry Day as Usual #shortvideo #shortsviral #shorts #short,old fashioned kitchen ,8910,89,89.1,PT11S,2026-08-08T04:15:28Z,https://youtube.com/watch?v=nQrI6sZ7KzM
2026-08-12 07:36 UTC,Aaj ham gulab jamun ke andar ja rahe hain #youtube #couplet #short video,Anand Kumar,7865,23,78.65,PT11S,2026-08-09T19:15:20Z,https://youtube.com/watch?v=S-WWXeE-cPc
2026-08-12 07:36 UTC,Backrooms Found Footage: The Skin-Stealer And The Partygoers🎈#shorts #backrooms,Flickerrvoid_3D,2355,137,17.19,PT24S,2026-08-05T00:19:44Z,https://youtube.com/watch?v=T7eaNpaB31U
2026-08-12 07:36 UTC,ESSE BOTE DE TRIANGULO FOI SURREAL💀🥋#bjj #viral #viralvideo #shorts #shortvideo #youtubeshorts #mma,Sobre Jiu,16782,1260,13.32,PT15S,2026-08-09T21:00:36Z,https://youtube.com/watch?v=VjnCVA7oAHg
2026-08-12 07:36 UTC,:The Last City on Earth? 🦒🌿 | Survival Has Changed Forever #Shorts,Thaiyang gulapi USA,1125,59,11.25,PT17S,2026-08-10T14:34:35Z,https://youtube.com/watch?v=S0yQFEqx1Vk
2026-08-12 10:09 UTC,“Something Crazy Happened at the Gym 😱💀 | Wait Till the End!”,USAQuorix,2635,27,26.35,PT18S,2026-08-09T16:30:37Z,https://youtube.com/watch?v=Wk0AarShRqk
2026-08-12 13:16 UTC,🧟 MOVIE MAGIC 🎬 Is This How Zombie Movies Are Made? #film #behindthescene,PracticalReel,73869,759,97.32,PT11S,2026-08-06T22:00:30Z,https://youtube.com/watch?v=OzEWy1-k7bU
2026-08-12 13:16 UTC,Mind-Blowing AI Travel Video Editing | Fantasy Visual Effects,AI APPK Cinemas ,1790,3,17.9,PT11S,2026-08-08T02:30:00Z,https://youtube.com/watch?v=NiUOIXY3W0Q
2026-08-12 13:16 UTC,🔥 N.T.R New reel 🤯mind blowing 4k #shorts #ntr #dragon #status #viral,TrendVerse Telugu,1146,55,11.46,PT25S,2026-08-06T12:30:00Z,https://youtube.com/watch?v=NmcfyOHdJgs
2026-08-12 13:16 UTC,Zombie Apocalypse🧟!! #esc #shorts,Sikeee !!!,169830,33800,5.02,PT1M33S,2026-08-05T17:30:39Z,https://youtube.com/watch?v=bNKjpVZnEuE
2026-08-12 16:00 UTC,Places On Earth That Don’t Feel Real 😱 #travel #trendingshorts #shorts #shortvideo #nature #viral,Rashad Voyages,25915,1450,17.87,PT15S,2026-08-10T15:23:43Z,https://youtube.com/watch?v=Jk4AcPUVKIE
2026-08-12 19:04 UTC,🌍🍞 What if the Earth could be spread on toast? #shorts #youtubeshorts #viral #trending #shortvideo ,LubyDuby asmr,24483,17,244.83,PT9S,2026-08-11T01:35:49Z,https://youtube.com/watch?v=ad_dcjcIQLY
2026-08-12 19:04 UTC,Messi in a crazy animated world #Messi #animation #shorts #funny #memes #football #3danimation,Go3dyy,200714,16700,12.02,PT15S,2026-08-05T11:07:08Z,https://youtube.com/watch?v=t8IXNBb3lUc
2026-08-12 21:49 UTC,You Wake Up 100 Years Later… But Something Went Wrong ❄️ | Sci-Fi Short,Tapri Tapes,3339,3,33.39,PT31S,2026-08-12T07:31:09Z,https://youtube.com/watch?v=QnpqBf3C-v8
2026-08-12 21:49 UTC,Something is pulling him down | #backrooms #horror,Travis Ripley,2111,33,21.11,PT43S,2026-08-06T13:00:38Z,https://youtube.com/watch?v=zPFUWNf9B1Y
2026-08-13 07:38 UTC,Morty Remembers Fallen Friends #Shorts #movie #animation #scifi,Midnight Loop,46544,212,219.55,PT1M,2026-08-07T00:35:52Z,https://youtube.com/watch?v=4MEypVxAp4A
2026-08-13 10:10 UTC,Ils sont entrés dans l’EMPTY WORLD… | BACKROOMS MOVIE 🎬#kaneparsons #backrooms,Jules Rouger,1647,38,16.47,PT19S,2026-08-06T08:23:48Z,https://youtube.com/watch?v=-yqJ96ihhzE
2026-08-13 13:17 UTC,The Last City Standing🌧️🏚️,STILL HERE (LUX),1176,2,11.76,PT9S,2026-08-12T08:34:32Z,https://youtube.com/watch?v=sWOFuSGqduk
2026-08-13 21:49 UTC,Human Bana Cigarette 😱😂 | Crazy Transformation #Shorts #trendingshorts #explore,AI SHIL ALL SHORTS ,35998,38,359.98,PT11S,2026-08-11T16:19:02Z,https://youtube.com/watch?v=AHcFdk7PukU
2026-08-13 21:49 UTC,WHERE IS THE EXIT? #TheBackrooms #LiminalSpace #HorrorShorts #NoWayOut #FoundFootage,OneMoment,1512,19,15.12,PT18S,2026-08-11T18:09:59Z,https://youtube.com/watch?v=KyCNlpHJVBk
2026-08-14 02:09 UTC,The Heretic's Hologram | Gothic Sci-Fi Short,The Sentient Void,1976,35,19.76,PT25S,2026-08-09T09:30:11Z,https://youtube.com/watch?v=mxtFpN96iTI
2026-08-14 02:09 UTC,Yeh Zombies Insaano Ko Dhoond Dhoond Kar Maarte Hain ( 28 Days Later Movie Explained In Hindi/Urdu,Filmy Yum,38725,7160,5.41,PT15M54S,2026-08-03T03:00:33Z,https://youtube.com/watch?v=bx99AFykZFM
2026-08-14 04:49 UTC,THE LAST ANDROID — She Woke Up a Weapon They Buried For a Reason | AI Sci-Fi Short Film,The Erebus Protocol,1498,286,5.24,PT6M51S,2026-08-13T14:17:26Z,https://youtube.com/watch?v=KpEa3jFNiJo
2026-08-14 15:54 UTC,TEACHER TURNED ZOMBIE 💀🧟  #short #drama,Bimil-ui Drama,66901,13300,5.03,PT37S,2026-08-05T06:42:28Z,https://youtube.com/watch?v=hCu4By1E8yU
2026-08-14 18:57 UTC,Backrooms 💅 #backrooms #weirdcore #dreamcore #escapethebackrooms #enterthebackrooms #fyp #shorts,Keltullis,6663,482,13.82,PT17S,2026-08-08T08:39:55Z,https://youtube.com/watch?v=e8FMzeDE8MM
2026-08-14 18:57 UTC,🎬 Trending AI Shooting Reel | Mind-Blowing AI Edit #Shorts,SAIF KHAN ,817,35,8.17,PT11S,2026-08-04T09:33:04Z,https://youtube.com/watch?v=dAg06hdidO8
2026-08-14 18:57 UTC,💥This Sensitivity Will Blow Your Mind! #viral #shorts #freefire #reels #ytshorts edits #subscribe,HR29Official ,665,51,6.65,PT13S,2026-08-02T04:06:33Z,https://youtube.com/watch?v=xwNrzvkDmwI
2026-08-15 01:22 UTC,"Colony 2026  A futuristic abandoned colony under a blood red sky, towering ruined buildings,",Deadend,133221,73,1332.21,PT28S,2026-08-09T05:51:10Z,https://youtube.com/watch?v=Hz0H_xZyHcs
2026-08-15 01:22 UTC,Beautiful Sunrise 🌅 | Garden Flowers Painting Transition Reel | Satisfying Art #Shorts #sunrise,Art by Shivathamiz,2111,18,21.11,PT7S,2026-08-07T12:11:24Z,https://youtube.com/watch?v=Rp-66yEJWQA
2026-08-15 01:22 UTC,Ranking the Best Nail Art Transitions! 💅 #shorts #NailArt #NailTransition (Best Choice)#viral#reels,RankItBeauty,1920,51,19.2,PT31S,2026-08-14T16:09:57Z,https://youtube.com/watch?v=hUoypWrPjZo
2026-08-15 01:22 UTC,Creative transition ✨,Roopa Belide,2007,120,16.73,PT21S,2026-08-11T15:19:52Z,https://youtube.com/watch?v=R898-_kMEt0
2026-08-15 01:22 UTC,A Half-life's Worth | Gothic Sci-Fi Short,The Sentient Void,1274,35,12.74,PT21S,2026-08-12T08:30:04Z,https://youtube.com/watch?v=Qoc_HbjNIY8
2026-08-15 03:41 UTC,LiminalSpace AnalogHorror Weirdcore ShortFilm,Minecraft Club,3574,439,8.14,PT1M13S,2026-08-13T21:45:22Z,https://youtube.com/watch?v=_jE1kLACncA
2026-08-15 06:42 UTC,Monikaa❎Jayshriii✅😍❤️#jayshri #reels #transition #beauty #monika,Jayshrii🦋🎀,40277,6690,6.02,PT21S,2026-08-10T03:16:43Z,https://youtube.com/watch?v=YR_Mj_nJiu0
2026-08-15 09:28 UTC,Ranking Viral Nail Art Transitions! 💅✨ #shorts #nailart #nails #transition#nailtech #viral#fpy#reels,RankItBeauty,12629,50,126.29,PT30S,2026-08-10T15:48:35Z,https://youtube.com/watch?v=sNVuNhR3tpU
2026-08-15 09:28 UTC,Shaun of the Dead-A hopelessly drunk zombie#shorts,Pm Phone,53098,1100,48.27,PT33S,2026-08-11T10:39:44Z,https://youtube.com/watch?v=AGNFpm65v7I
2026-08-15 09:28 UTC,It Looks Impossible… Until You See How It Works! 😱🔥 #MindBlowing #Amazing #Trending #Shorts #Reels,Science Era 2.0 ,11037,1620,6.81,PT17S,2026-08-13T06:00:26Z,https://youtube.com/watch?v=Hp5UgxNP1OU
2026-08-15 12:42 UTC,Giant Díaz-Canel Destroys Living Room (Surreal Political Critique),Dahone,39850,5090,7.83,PT14S,2026-08-12T19:04:51Z,https://youtube.com/watch?v=scSPQ1gGvZQ
2026-08-15 12:42 UTC,Best transition 🙌👽 #relatable #fypシ゚viral #bts #kpop #trending #100kview,THV 🐯,2807,465,6.04,PT36S,2026-08-13T13:30:14Z,https://youtube.com/watch?v=UHhrnOChwTU
2026-08-15 15:23 UTC,Poolrooms: They’re Watching👁️(Liminal Horror) #shorts #poolrooms,Flickerrvoid_3D,3432,192,17.88,PT32S,2026-08-15T00:03:19Z,https://youtube.com/watch?v=CFr7B6CaCnU
2026-08-15 18:33 UTC,PIEMAN 🥧& CUPCAKE KID 🧁 || Montagem Inferno Surreal,𝑫𝑰𝑵𝑶𝑬𝑫𝑰𝑻𝒁,46497,9230,5.04,PT21S,2026-08-12T20:21:34Z,https://youtube.com/watch?v=A_U8QT_4Btk
2026-08-16 01:28 UTC,The Train Wasn't Empty… 😨 | What Is Platform Zero? | Zombie Apocalypse #Short,Zombie EscapeX,30609,147,208.22,PT20S,2026-08-12T08:42:54Z,https://youtube.com/watch?v=XoSyIQf5Br0
2026-08-16 01:28 UTC,The Last Organism | Official Trailer,xHugss,13505,3,135.05,PT2M58S,2026-08-09T12:40:50Z,https://youtube.com/watch?v=5Shtw4tobFc
2026-08-16 01:28 UTC,Places On Earth That Don’t Feel Real 😱 #trending #trendingshorts #shorts #shortvideo #viral #nature,Rashad Voyages,30393,1600,19.0,PT15S,2026-08-10T20:19:43Z,https://youtube.com/watch?v=bziBwfm1kao
2026-08-16 01:28 UTC,A Glowing Seed Brings a Dead City Back to Life 🌱 | AI Short Film #ai #aifilm #aivideo,AiVynox,653,8,6.53,PT2M16S,2026-08-14T14:28:41Z,https://youtube.com/watch?v=KKmz9P3sngs
2026-08-16 09:29 UTC,Shocking and surreal moments that happen in the wild #animallife #wildlifeshorts,WildTales,236331,45800,5.16,PT1M49S,2026-08-13T00:22:40Z,https://youtube.com/watch?v=c68Yhn4sUOQ
2026-08-16 15:24 UTC,Earth’s Mightiest Heroes Turned Into Zombies… Their Heroism Doomed Humanity#shorts #whatif,ReelNovar,36957,783,47.2,PT53S,2026-08-12T00:21:01Z,https://youtube.com/watch?v=T5dG4Me1JVo
2026-08-16 15:24 UTC,CHRYSALIS: INFERNO 2.0 | Dante's 9 Circles of Hell (AI Sci-Fi Short Film),Max Bellandi,2219,426,5.21,PT12M11S,2026-08-12T19:06:32Z,https://youtube.com/watch?v=SGTUY32jj-g
2026-08-16 18:32 UTC,Trapped in the Dead City 🧟 #shorts  #Zombie #ZombieApocalypse #Survival #Action #ActionShort,MystiVizyon,1745,42,17.45,PT21S,2026-08-15T19:23:47Z,https://youtube.com/watch?v=LY-4F8uZR-o
2026-08-16 21:22 UTC,Lilja in Dreamrooms - 2D Liminal Space animation #weirdcore #liminalspace #2danimation,Liminal Dreamrooms,2256,71,22.56,PT11S,2026-08-14T23:24:36Z,https://youtube.com/watch?v=r4f04kgoxB8
2026-08-17 01:24 UTC,साँप और इंसान की उल्टी दुनिया 😱🐍 | AI की सबसे खतरनाक कल्पना! #AI #Shorts #Viral #ytshorts,KRISHNA AI ,33049,18,330.49,PT11S,2026-08-12T00:00:36Z,https://youtube.com/watch?v=ssYoYZl7aqY
2026-08-17 01:24 UTC,😱 Viral Transitional Hooks 🔥 | Crazy Jump Transition | #shorts,AsiF AhaMeD,2587,21,25.87,PT11S,2026-08-15T10:26:47Z,https://youtube.com/watch?v=SgwCZhwoSgM
2026-08-17 01:24 UTC,Ranking Best BACKROOMS Moments #shorts,JxsterRanks,28179,2570,10.96,PT25S,2026-08-07T08:37:13Z,https://youtube.com/watch?v=d8z-G9cOeDQ
2026-08-17 01:24 UTC,WHAT HAPPENS IF ALL ENTITIES DISAPPEAR FROM THE BACKROOMS? 😳,Mirox,712442,72200,9.87,PT27S,2026-08-09T19:00:14Z,https://youtube.com/watch?v=_hllj_w19ls
2026-08-17 01:24 UTC,Free Fire Clock Tower Evolution 😭 | 2026 ➜ 2030 ➜ 2090 🌍 The End of the World #shorts#freefire#sad,GAGAN PLAYS,3223,367,8.78,PT15S,2026-08-05T03:40:34Z,https://youtube.com/watch?v=khjOBU2BFD8
2026-08-17 01:24 UTC,Ranking The Most UNSETTLING Backrooms Trends 🟡 #shorts #funny #usa,xyle ranks,26830,3370,7.96,PT33S,2026-08-08T14:30:01Z,https://youtube.com/watch?v=nxyenC5iqlI
2026-08-17 03:52 UTC,meow meow trend done 😝🖐️#Day64 #TransitionReel #TrendingReels #FunnyReels #ReelTrend,Sahil's side,1514,102,14.84,PT20S,2026-08-14T13:17:28Z,https://youtube.com/watch?v=BeEF_mgx7nM
2026-08-17 03:52 UTC,it's just the way he's wired | #backrooms #backroomsedit #captainclark #edit,Detunmov,2878,202,14.25,PT59S,2026-08-12T06:18:45Z,https://youtube.com/watch?v=d2ZPqX-1WTg
2026-08-17 03:52 UTC,tarif Karun Kya uski #trending#short#viral #reels#transition#minivlog#vlog#viralvideo#contentcreator,THE GUNGUNWORLD,1256,10,12.56,PT23S,2026-08-07T05:22:04Z,https://youtube.com/watch?v=JZ3uQvKnpDA
2026-08-17 09:44 UTC,They Escaped Zombies on an Ostrich! 😱🔥 | AI Movie,Ai wonder world,449986,275,1636.31,PT18S,2026-08-09T11:30:19Z,https://youtube.com/watch?v=0KEV1YVwMVw
2026-08-17 15:27 UTC,Finger Magic Transition Effect ✨🔥 #shorts #viral #trending #trendingshorts #fingerdance #shortvideo,Krish xperiment,3693,301,12.27,PT10S,2026-08-16T16:59:12Z,https://youtube.com/watch?v=sovPRMxhAxg
2026-08-17 18:42 UTC,Places On Earth That Don’t Feel Real 😱 #trending #shorts #trendingshorts #nature #viral #travel,Rashad Voyages,28263,1770,15.97,PT15S,2026-08-13T20:37:11Z,https://youtube.com/watch?v=0ozVTk0cNo0
2026-08-17 21:28 UTC,The architecture is shifting... 🚪🧱 #liminalspace,Analogue Horrors,1751,46,17.51,PT14S,2026-08-16T22:24:06Z,https://youtube.com/watch?v=J9z8930a5o8
2026-08-18 06:48 UTC,LIMINAL - Short Film,Keanu Cordero,13390,733,18.27,PT15M37S,2026-08-14T22:00:06Z,https://youtube.com/watch?v=MQNXDzf7oj0
2026-08-18 06:48 UTC,Your device = Your BACKROOMS LEVEL | #backrooms #liminalspace #shorts,MinimalSpaces,193947,10900,17.79,PT25S,2026-08-13T09:43:39Z,https://youtube.com/watch?v=WdOlU5T5bUw
2026-08-18 09:36 UTC,The Last Train Was My Only Hope! 😱🚆 | Zombie Apocalypse Part 17 #Shorts,Zombie EscapeX,35978,152,236.7,PT11S,2026-08-05T09:15:47Z,https://youtube.com/watch?v=wTNppwJJEjk
2026-08-18 09:36 UTC,Minecraft Vs Real Leaves 🍃🍃#blender3d #3dart #3danimation #minecraft,Ender,156754,11100,14.12,PT9S,2026-08-12T15:59:50Z,https://youtube.com/watch?v=t1lcFNIPAdA
2026-08-18 09:36 UTC,Surreal Bedroom Bed Designs in 4K | Satisfying ASMR Foley Sounds | #18 #aiasmr,AI ASMR Satisfait,837740,68500,12.23,PT2M15S,2026-08-10T11:19:42Z,https://youtube.com/watch?v=y7smBrRE708
2026-08-18 09:36 UTC,दुनिया का सबसे अकेला रोबोट और एक जादुई बगीचा 🤖🌱 #shorts #pixar,ROYZ AI,974,16,9.74,PT39S,2026-08-18T04:43:52Z,https://youtube.com/watch?v=z31GeUB55JQ
2026-08-18 12:51 UTC,The Last Ride Through a Dead City 🏍️🔥 | Post-Apocalyptic World #Shorts #Post #Apocalypse,New became old,1713,22,17.13,PT11S,2026-08-16T15:26:24Z,https://youtube.com/watch?v=_or2XmbAUAs
2026-08-18 15:34 UTC,Wrong Platform #004 — The Forest,WRONG PLATFORM,1594,11,15.94,PT9S,2026-08-11T04:01:04Z,https://youtube.com/watch?v=RgZHg_ZFM60
2026-08-18 15:34 UTC,Haaland Pranks Yamal 😂#haaland #yamal  #football  #funny #parody,Rapid Studio,237418,17900,13.26,PT16S,2026-08-13T10:46:59Z,https://youtube.com/watch?v=NGK18J5c7G4
2026-08-18 15:34 UTC,roblox animal hospital animations #animation #roblox #animalhospitalroblox,The_CAT:),3354083,265000,12.66,PT56S,2026-08-05T19:35:57Z,https://youtube.com/watch?v=hrWgOOyR3Rw
2026-08-19 01:23 UTC,Ranking The Best Nail Art Transitions! 💅 #shorts#NailArt #NailTransition #nailinspo2026#viral#reels,RankItBeauty,2255,56,22.55,PT30S,2026-08-16T17:10:46Z,https://youtube.com/watch?v=klf7nBn7pYY
2026-08-19 03:49 UTC,Ruchika Rathore with friends transitions #shortsfeed #love #ruchikarathore #triggeredinsaan #wedding,aesthetic_editor,35274,1660,21.25,PT17S,2026-08-09T13:23:23Z,https://youtube.com/watch?v=9HK5KaS1avA
2026-08-19 06:49 UTC,Someone Was Inside… Then I Heard “Peeche Dekho” 😨 | Zombie Apocalypse #Shorts,Zombie EscapeX,27260,152,179.34,PT20S,2026-08-09T07:36:37Z,https://youtube.com/watch?v=F_iKtRrLPf4
2026-08-19 06:49 UTC,The Last Organism | Official Full Movie | Sci-Fi film #SpecialForAAIFF,xHugss,976,5,9.76,PT27M55S,2026-08-09T13:32:44Z,https://youtube.com/watch?v=rMEcA6LyC0I
2026-08-19 12:52 UTC,Building a Post-Apocalyptic Miniature City from Scratch#MiniatureDiorama #PostApocalyptic #Dystopian,"CineMechanics

",838,44,8.38,PT19S,2026-08-19T08:11:03Z,https://youtube.com/watch?v=hUXdFR31iM4
2026-08-19 15:33 UTC,POV: Zombie Apocalypse 🧟‍♂️ But there’s one problem…,Adam and Ellie,302979,3500,86.57,PT52S,2026-08-16T04:00:36Z,https://youtube.com/watch?v=4_Rud011qwA
2026-08-19 15:33 UTC,दुनिया का सबसे अकेला रोबोट और एक जादुई बगीचा 🤖🌱 #shorts #pixar,ROYZ AI,551,16,5.51,PT39S,2026-08-18T07:53:08Z,https://youtube.com/watch?v=Eo4dHyQHVV0
2026-08-19 21:27 UTC,Ranking The Best NEW Makeup Transitions 💖✨ #tiktokviral #transition,SilliesOnly1,471760,22400,21.06,PT59S,2026-08-16T12:30:22Z,https://youtube.com/watch?v=A-d9nTkOu-Y
2026-08-19 21:27 UTC,Facing the 6-Armed Mechanical Guardian 🤖 | Sci-Fi #shorts,Sentient Era Habitats,1175,80,11.75,PT41S,2026-08-18T00:27:46Z,https://youtube.com/watch?v=fPvI6KCnBUw
2026-08-20 03:49 UTC,How They Predicted our Life in 1900s👀.,Historia Oddity ,132167,780,169.44,PT19S,2026-08-16T00:35:17Z,https://youtube.com/watch?v=JNbgFUnQZHo
2026-08-20 15:36 UTC,Zombie Horde Attack! Can They Make It Out Alive? 😱,Dead Zone,44438,52,444.38,PT11S,2026-08-14T10:19:42Z,https://youtube.com/watch?v=rrDzay8vj8M
2026-08-20 15:36 UTC,THE FIGHT — EP. 2: Marcus Is Starting to Remember | Sci-Fi Short,Advin Illa,1232,73,12.32,PT25S,2026-08-17T22:37:43Z,https://youtube.com/watch?v=hB3BYZYZDos
2026-08-20 15:36 UTC,Trapped in a perfect suburban prison with no way to escape,ScreenTime,312522,62100,5.03,PT1M,2026-08-15T09:31:47Z,https://youtube.com/watch?v=RnhcyM5vw9o
2026-08-20 18:42 UTC,Sleeping on a GIANT Pizza Bed?! 😱 | Satisfying & Surreal AI Video#shorts #asmr #satisfying,zohaib ,33201,13,332.01,PT11S,2026-08-16T05:35:20Z,https://youtube.com/watch?v=J-32tqQ4Coc
2026-08-20 18:42 UTC,He Got 10 Million Dislikes… And Faced a Terrifying Punishment! 😱  #plottwist #usa #movie,Mystic Shorts,1228,20,12.28,PT2M8S,2026-08-18T16:08:17Z,https://youtube.com/watch?v=Y1NejY3GaiM
2026-08-20 18:42 UTC,The Rich Control Everything… Even Their Own Leaders  #plottwist #usa #mystery  #storytime,Mystic Shorts,1217,20,12.17,PT2M46S,2026-08-19T22:45:10Z,https://youtube.com/watch?v=96tlREauSpE
2026-08-21 01:26 UTC,THE FIGHT — EP. 4: The Consequence Changes Everything | Sci-Fi Short,Advin Illa,1604,74,16.04,PT17S,2026-08-19T22:34:37Z,https://youtube.com/watch?v=pMi9NzD-TLE
2026-08-21 06:52 UTC,Spider Transition Reels 🕷️ Amazing Transformation Edit | Viral #shortsviral,Poulomi Kayal,7333,191,38.39,PT14S,2026-08-07T15:53:24Z,https://youtube.com/watch?v=0IuOdk9af44
2026-08-21 06:52 UTC,RED HARVEST | The Day Humanity Finally Fought Back — Sci-Fi Short Film,Ares Horizon AI,1152,18,11.52,PT11M27S,2026-08-15T18:45:45Z,https://youtube.com/watch?v=oCqPJYI2y-4
2026-08-21 06:52 UTC,KRONOS vs SENTINEL : The Progenitor War ,Cornxian Series,1670,171,9.77,PT12M38S,2026-08-16T13:32:18Z,https://youtube.com/watch?v=g_jUFR8tNjw
2026-08-22 06:43 UTC,#transition #reels #krishna #trending  #explore #artist #fyp #creative #shorts #sketch#art #painting,SOMA MUKHERJEE,2018,147,13.73,PT15S,2026-08-20T12:40:31Z,https://youtube.com/watch?v=129DH9atOGs
2026-08-22 06:43 UTC,This Viral Wedding Reel  Free Project File for | Premiere Pro,bhavesh creations,1433,247,5.8,PT25M34S,2026-08-19T03:00:17Z,https://youtube.com/watch?v=wZ5aJGKr6RA
2026-08-22 06:43 UTC,LiminalSpace AnalogHorror Weirdcore ShortFilm,Minecraft Club,5257,914,5.75,PT1M24S,2026-08-20T14:45:23Z,https://youtube.com/watch?v=Dj4Khj_Pc6s
2026-08-22 15:23 UTC,“Backrooms” - Liminal Byways,Mearkalor,2693,445,6.05,PT15M10S,2026-08-21T10:32:25Z,https://youtube.com/watch?v=w7FNHZ7arpQ
2026-08-22 18:34 UTC,A Little Girl Saved a Dying Robot—Then He Became a God for Her #SciFi Short Film #Robot Movie,CyberKinetic Cinema,8881,490,18.12,PT10M11S,2026-08-18T07:37:26Z,https://youtube.com/watch?v=2c65wKFiFdU
2026-08-22 18:34 UTC,"5 Shaders, 1 Ruined City — Visual Comparison #minecraft",ㅤㅤㅤㅤㅤㅤㅤㅤㅤㅤㅤㅤㅤㅤㅤㅤㅤㅤㅤㅤㅤㅤㅤㅤㅤㅤㅤㅤㅤㅤㅤㅤㅤㅤㅤㅤMr. Guthemberg,1599,65,15.99,PT21S,2026-08-21T21:16:40Z,https://youtube.com/watch?v=Uu2hxIkHNC4
2026-08-23 01:35 UTC,Cheddar and BBQ Wavy Original Vs Mango,Fortas,3871398,62100,62.34,PT20S,2026-08-16T13:00:10Z,https://youtube.com/watch?v=bhwTVcHs4jQ
2026-08-23 09:30 UTC,✨ Cry Baby Transition 💗 | Wait for the Final Look 😍.. #youtubeshorts #transition #crybaby,Shivani ,23087,51,230.87,PT14S,2026-08-20T14:30:29Z,https://youtube.com/watch?v=vOO3QpgzbeY
2026-08-23 09:30 UTC,Sean Doesn’t Realize the Zombie Apocalypse Has Started 😱‼️#shorts,i love Film ,27275,917,29.74,PT1M25S,2026-08-16T14:30:16Z,https://youtube.com/watch?v=oWfi7gNTFmU
2026-08-23 09:30 UTC,Hiding in the Dark... But THIS Follows 😨 | Terrifying BelAZ,MaxAi,1455,30,14.55,PT8S,2026-08-22T17:06:02Z,https://youtube.com/watch?v=h4EDS8gEeeU
2026-08-23 09:30 UTC,Surviving on a Deserted Island After a Cruise Outbreak | Zombie Apocalypse,Ghibli Life Studio,10002,1880,5.32,PT14M11S,2026-08-11T13:00:06Z,https://youtube.com/watch?v=_B0hiIb_M9E
2026-08-23 12:44 UTC,Skibidi toilet bloopers 73 not real #skibiditoilet #tranding #viralshorts #content #foryou,NiXO TITAN,1530172,56700,26.99,PT18S,2026-08-09T14:49:14Z,https://youtube.com/watch?v=_ZSfzxyV3Ng
2026-08-23 15:25 UTC,Which Bed Would You Sleep On? 😴🛏️ | AI Satisfying & Relaxing ASMR,Prince Relax ASMR,20453,162,126.25,PT2M12S,2026-08-10T13:06:05Z,https://youtube.com/watch?v=dZRXWoup0-Y
2026-08-23 18:33 UTC,“Pick a Door” Liminal Spaces Compilation #2,Pick&See,1340,81,13.4,PT8M38S,2026-08-14T23:15:01Z,https://youtube.com/watch?v=WyK3Bx0WejI
2026-08-24 01:27 UTC,Haaland took a long shot from the plane.😂✈️#Haaland #Football #ManCity #Shorts #FootballComedy#ai,MadDarkk Art,12650267,13600,930.17,PT10S,2026-08-19T06:30:24Z,https://youtube.com/watch?v=QR4sT9sK72g
2026-08-24 07:03 UTC,What's INSIDE Shorty's Brain?! 💀🧠 #ScaryMovie #Shorts,brandycandy,342700,254,1349.21,PT7S,2026-08-17T12:35:00Z,https://youtube.com/watch?v=MPg7PH-lclA
2026-08-24 15:41 UTC,SEMUA ORANG SALAH PAHAM DAN AKHIRNYA MATI 😱‼️,Bank Sinema,2628214,41900,62.73,PT2M31S,2026-08-23T12:00:10Z,https://youtube.com/watch?v=DES4pIGEf7I
2026-08-24 15:41 UTC,RODENT | Award-Winning Post-Apocalyptic Short Film,Silverback Films,23575,4710,5.01,PT7M43S,2026-08-19T16:00:16Z,https://youtube.com/watch?v=NjAkkY8bUAk
2026-08-24 18:43 UTC,Viral Girl Inside Buffalo - Mind Blowing Edit! 🤯 #shorts,9million View,584,1,5.84,PT20S,2026-08-24T14:14:43Z,https://youtube.com/watch?v=6I9M8n_CfgE
2026-08-24 21:31 UTC,"She Grants a Two Hundred Year Old Man His Final Wish — Neuromancer, Part 33",Sci Fi Serials,1576,7,15.76,PT16S,2026-08-22T16:40:03Z,https://youtube.com/watch?v=MH6xlpmmNvw
2026-08-25 01:23 UTC,We Are Climbers (Official Music Video) | Soul de Vienne,Soul de Vienne,26072,162,160.94,PT4M51S,2026-08-15T10:21:05Z,https://youtube.com/watch?v=clO-zzDROWw
2026-08-25 01:23 UTC,The world has ended.,After The Fall 99,1262,16,12.62,PT11S,2026-08-24T15:44:11Z,https://youtube.com/watch?v=5W7t_Pe3K3c
2026-08-25 03:50 UTC,Ranking The Best NEW Makeup Transitions 💖✨ #tiktokviral #transition,SilliesOnly1,1006593,33600,29.96,PT59S,2026-08-19T12:26:36Z,https://youtube.com/watch?v=bf8Yzigal64
2026-08-25 09:37 UTC,Lee Suhyeok Attack on Zombies #edit,SANKET EDITX ,15730,688,22.86,PT22S,2026-08-20T11:39:08Z,https://youtube.com/watch?v=cVb89N8S-gY
2026-08-25 15:44 UTC,Birthday songs ideas 🎂✨ | Aesthetic Birthday Celebration 💕 #shorts#birthday #reels#song #viral,Editora,45158,1170,38.6,PT25S,2026-08-16T02:04:55Z,https://youtube.com/watch?v=b4nuNSzCH-0
2026-08-25 18:42 UTC,Sci-Fi Short Film: Giant Robot Fight in Flooded Nicosia,The Rift Holdout,1857,348,5.34,PT2M,2026-08-23T20:00:03Z,https://youtube.com/watch?v=euM9DOxjGzw
2026-08-25 21:30 UTC,The Backrooms: It was just cleaned. [FOUND FOOTAGE],SUPERLIGHT,1655,6,16.55,PT1M,2026-08-22T08:54:18Z,https://youtube.com/watch?v=hsLPaFC97Wg
2026-08-25 21:30 UTC,The Last Man on Earth… But This Was Only the Beginning | Part 20,Nimvorax,1392,14,13.92,PT11S,2026-08-17T18:00:22Z,https://youtube.com/watch?v=BkehvDe7dE0
2026-08-25 21:30 UTC,The Monster Was Keeping Everyone Alive #Shorts,Sugarball Sci-Fi,1976,271,7.29,PT14S,2026-08-19T16:30:13Z,https://youtube.com/watch?v=7u6Cs2OCR1k
2026-08-26 01:27 UTC,Backrooms - Plastic Paradise ,Found Footage Bin,6284,445,14.12,PT38M43S,2026-08-22T19:48:14Z,https://youtube.com/watch?v=CI8nWTzPRKM
2026-08-26 01:27 UTC,The Fight Against the Zombie Virus#movie #foryou  #tvshow  #edit,Nice Music ,12636,2090,6.05,PT2M28S,2026-08-20T16:30:02Z,https://youtube.com/watch?v=Qc1WbCE_c7E
2026-08-26 06:53 UTC,Zombie Parasite Attack Her 😱 | Horror Movies Recipe In Hindi #shorts #movie,Bhai ka cinema,21750,341,63.78,PT34S,2026-08-25T15:22:58Z,https://youtube.com/watch?v=tE7g-h6iNaY
2026-08-26 06:53 UTC,which one is favourite 🥰😘😍😘 beautifull transition reels #transition #beautiful #girls,Zerovex,16182,447,36.2,PT59S,2026-08-18T05:32:10Z,https://youtube.com/watch?v=iu51Q2sTID0
2026-08-26 09:44 UTC,Mind-blowing Bappa 🙏🏻🌺@bappa_darshan_05✨#ganesha #youtube short #shortfeed #viral bappa video,BAPPA_DARSHAN_🌺,34632,353,98.11,PT13S,2026-08-20T22:52:04Z,https://youtube.com/watch?v=tL5cibNbjCk
2026-08-26 09:44 UTC,Barf Mein Shuru Hua Zombie Apocalypse || Movie Explained in Hindi,Scoop Explained,22322,806,27.69,PT27M44S,2026-08-22T03:30:37Z,https://youtube.com/watch?v=6CQ8FKEjutU
2026-08-26 12:57 UTC,"Kylian Mbappé Insane Edit ⚽ | Speed, Skills & Goals That Will Blow Your Mind! #mbappe #football",VEXORA EDITS ,1213,131,9.26,PT15S,2026-08-26T10:00:41Z,https://youtube.com/watch?v=LEg1wzaoOQg
2026-08-26 12:57 UTC,This Free Fire Profile Editing Trick Will Blow Your Mind 😱,sultan ff,709,77,7.09,PT25S,2026-08-26T10:24:06Z,https://youtube.com/watch?v=sjDnjil_sYk
2026-08-26 16:20 UTC,What would happen if a pumped-up skinny and chubby turned out to be in a zombie apocalypse?,SkellX,11352,183,62.03,PT1M10S,2026-08-17T22:24:53Z,https://youtube.com/watch?v=nITjH1d9QXI
2026-08-26 16:20 UTC,Backrooms (2026) #movie #shorts,The Story Cut,1594,92,15.94,PT1M54S,2026-08-13T16:55:24Z,https://youtube.com/watch?v=NjuzXHliNyE
2026-08-26 19:49 UTC,Mario's Funniest Moment Ever!funny#recommended#foryoupage,lllaaiiiwp,26458,2730,9.69,PT33S,2026-08-19T15:00:18Z,https://youtube.com/watch?v=4ds3K_ss2Yo
2026-08-27 13:56 UTC,Haaland Came Up With A Wild Idea For Chips 🍟🦆 #football #meme #shorts,Bro Bite,282747,1060,266.74,PT11S,2026-08-22T19:55:08Z,https://youtube.com/watch?v=Ja4VgjYS5J0
2026-08-28 00:17 UTC,Begum Bakra Cooked WHAT?!😂 Parallel Universe#YouTubeShorts#FunnyVideo #AIVideo#TrendingShorts #Viral,Zahra Noor,25767,80,257.67,PT30S,2026-08-21T13:00:29Z,https://youtube.com/watch?v=Wvr3zjVu8wI
2026-08-28 00:17 UTC,Mummy ki Sari+this song🫠✨🔥#oldsong #saree #transition  #reels  #trend #viral #ytshorts #shorts,khushis world,12211,462,26.43,PT12S,2026-08-23T04:30:02Z,https://youtube.com/watch?v=TyLXgjzP3U8
2026-08-28 00:17 UTC,Cooking Dinner in Post Apocalyptic World🔥 | Life After ZERO #Shorts,Life After Zero,1231,2,12.31,PT22S,2026-08-27T08:19:18Z,https://youtube.com/watch?v=fjeHI6o2ZQA
2026-08-28 00:17 UTC,The backrooms movie fan art again,Calezr,1169,166,7.04,PT24S,2026-08-15T22:50:32Z,https://youtube.com/watch?v=uDP-o22hLOo
2026-08-28 00:17 UTC,"Model showcase video out, go and watch it #surreal",Evil beanos,84719,16900,5.01,PT10S,2026-08-18T21:55:12Z,https://youtube.com/watch?v=h0YtqJw4hr8
2026-08-28 00:17 UTC,motivational reel 😯😯😯 car editzz 😁😁. #edit #car # trending reel #youtube shorts #india #shorts,rshakya editzz😁,500,9,5.0,PT21S,2026-08-27T13:55:37Z,https://youtube.com/watch?v=F_9Ar346ffU
2026-08-28 15:07 UTC,THE DAY EARTH STOPPED MOVING - Sci-Fi Dystopian Short Film - Part 1,Vag Films,1271,3,12.71,PT8M56S,2026-08-21T21:30:09Z,https://youtube.com/watch?v=PAQb3EMJL4Y
2026-08-29 01:33 UTC,Trying To Escape Zombie Infected Airport 😰 #shorts #zombie #horror,PRATAP-YT,27171,58,271.71,PT11S,2026-08-21T13:50:16Z,https://youtube.com/watch?v=7iysAbuMkdk
2026-08-29 01:33 UTC,The Absurd Comedy of Object Metaphors & Wild Twists! 😂🎨,sugoi anime,685584,6320,108.48,PT5S,2026-08-22T06:42:22Z,https://youtube.com/watch?v=w7gacozbhEs
2026-08-29 01:33 UTC,ONAM TRANSITION #onam #transition #transitionvideo #trending #viral #ytshorts #youtube #shorts#fyp,love laughter and bliss ,17459,382,45.7,PT13S,2026-08-21T14:23:59Z,https://youtube.com/watch?v=JF4mk942ZX8
2026-08-29 01:33 UTC,Don't Turn Around! 😱 #shorts #sfm #gmod,Animetion 360 D,329799,11100,29.71,PT22S,2026-08-19T12:26:32Z,https://youtube.com/watch?v=Q-L-E0jLpO8
2026-08-29 01:33 UTC,the zombie apocalypse#shorts,iankingx,42421,1440,29.46,PT3M1S,2026-08-22T07:37:49Z,https://youtube.com/watch?v=WHmHz74pd1c
2026-08-29 01:33 UTC,A Mysterious UFO Appeared Over a Destroyed City 😱 | Apocalyptic Future | Cinematic AI Video,Md Jihad,1166,18,11.66,PT24S,2026-08-28T03:07:20Z,https://youtube.com/watch?v=Sega2G2Ihgg
2026-08-29 01:33 UTC,alert for transition 😱🫣 #contentcreator #viral #reels #trending #creativecontentcreator #love,Dibakar Rimpa official ,1354,117,11.57,PT18S,2026-08-18T12:45:57Z,https://youtube.com/watch?v=IQthXeGPaNE
2026-08-29 01:33 UTC,Stand Up Legends Milton Jones p.IV   #comedy #standupcomedy #funny #shorts #youtube,Spirito Libero ,224948,23000,9.78,PT2M50S,2026-08-21T15:23:39Z,https://youtube.com/watch?v=44Pl_VzCuJc
2026-08-29 01:33 UTC,Onam Transition #reel #shorts #trending #transition #onam #viral #video #trend #tamil #fyp #kerala,Rosu's Vlogs,2530,335,7.55,PT12S,2026-08-21T17:44:20Z,https://youtube.com/watch?v=ujARDtBmHpk
2026-08-29 01:33 UTC,"""Floor 13.5 Doesn't Exist"" | The Backrooms Elevator Glitch 😨 #relatable #entertainment #viral #memes",Novaclipx ,1475,198,7.45,PT11S,2026-08-22T21:30:07Z,https://youtube.com/watch?v=Ie0FOJ7JznQ
2026-08-29 01:33 UTC,The Last SURVIVORS | Sci-Fi Dystopian Short Film,WHOP,8432,1580,5.34,PT5M46S,2026-08-21T15:00:04Z,https://youtube.com/watch?v=93kR3MrsbEE
2026-08-29 01:33 UTC,Backrooms: The Door That Doesn't Make Sense 🚷 (Liminal Space) #shorts #liminalspaces,Flickerrvoid_3D,2126,409,5.2,PT31S,2026-08-25T23:32:27Z,https://youtube.com/watch?v=w6GD9Sfqj-U
2026-08-29 09:50 UTC,Yhan Se Zinda Bach Pana IMPOSSIBLE hai | Zombie Movie Explained in Hindi,Mahraj Explainer,278953,2800,99.63,PT15M59S,2026-08-16T07:59:02Z,https://youtube.com/watch?v=S6r8FJKV53A
2026-08-29 09:50 UTC,Ranking Best Folk Valley Moments ☠🔥 (Part 10),zanvro,57791,1180,48.98,PT31S,2026-08-23T17:51:03Z,https://youtube.com/watch?v=YBseuZifk8E
2026-08-29 09:50 UTC,Mai Tera Boyfriend 😎🔥 | Transition Alert 🚨 #viral #reels #transition #trending,kashish rekhi,1595,71,15.95,PT21S,2026-08-15T17:16:43Z,https://youtube.com/watch?v=TyFWgFpeNJ4
2026-08-29 09:50 UTC,Forgotten Futures 🌿🏚️#abandoned#urbex#forgotten#naturewins#decay#ruins#cinematic#abandonedplaces,Drem Home Design,1307,9,13.07,PT17S,2026-08-28T17:09:32Z,https://youtube.com/watch?v=UNky6NQ9_P0
2026-08-29 09:50 UTC,Haaland vs. Giant Donut： Chaos Edition! 🍩😼 #haaland #funny #football #mbappe 152,HaLan-AA,34918,4720,7.4,PT16S,2026-08-29T01:57:06Z,https://youtube.com/watch?v=sI_1I86auak
2026-08-29 16:25 UTC,🧟‍♂️ ZOMBIE OUTBREAK 🚆😱 | एक ट्रेन और सैकड़ों Zombies! | Part 1,Midnight Haunt,18664,346,53.94,PT48S,2026-08-27T14:53:15Z,https://youtube.com/watch?v=thf5OmsW5wk
2026-08-29 16:25 UTC,#alurceritafilm #filmhoror #filmreview #short #filmzombie,ZombiesAttackMD,15505,321,48.3,PT1M39S,2026-08-24T07:57:33Z,https://youtube.com/watch?v=Ah4-nyn7Y7o
2026-08-29 16:25 UTC,I Checked Into A Room That Isn't There,Sketch Ai Vibe,1118,17,11.18,PT41S,2026-08-22T23:17:29Z,https://youtube.com/watch?v=MxLMfw39fXE
2026-08-29 16:25 UTC,Fallow - student short film #dreamcore #shortfilm #trailer #liminalspace #dreams,Rosemary,967,12,9.67,PT28S,2026-08-21T17:34:54Z,https://youtube.com/watch?v=I_SIA2R7vi8
2026-08-29 20:39 UTC,day29/100 aarzu...!!! #transition reel #trendingshorts,Ak Creative Studio,1278,233,5.48,PT14S,2026-08-20T02:36:25Z,https://youtube.com/watch?v=Ab5GXynmOdk
2026-08-29 23:05 UTC,Ranking The Best Cry Baby Makeup Transition Moments😭#shorts  #makeup  #makeuptransition   #trending,rankingtrendy,5304474,51400,103.2,PT55S,2026-08-24T05:21:54Z,https://youtube.com/watch?v=xhls4tBAXk0
2026-08-30 04:27 UTC,:😱 ये VFX कैसे किया? | Mind Blowing VFX Edit 🔥 #shorts#trending #viral,Vaani Shorts ,684,54,6.84,PT21S,2026-08-30T00:00:44Z,https://youtube.com/watch?v=o0A4BRvyVDA
